-- Generated by scripts/export-postgres-seed.mjs from apps/api/data/seed.json.
-- This seed is deterministic and safe to re-run after docs/schema.sql is applied.
begin;

insert into groups (id, name) values ('7cc2801d-485e-520a-8717-5bae10263886'::uuid, '华哥集团') on conflict (id) do update set name = excluded.name;

insert into roles (id, name, scope) values ('boss', '华哥', 'group') on conflict (id) do update set name = excluded.name, scope = excluded.scope;
insert into role_permissions (role_id, permission) values ('boss', 'dashboard.read') on conflict (role_id, permission) do nothing;
insert into role_permissions (role_id, permission) values ('boss', 'subsidiary.read') on conflict (role_id, permission) do nothing;
insert into role_permissions (role_id, permission) values ('boss', 'decision.decide') on conflict (role_id, permission) do nothing;
insert into role_permissions (role_id, permission) values ('boss', 'audit.read') on conflict (role_id, permission) do nothing;
insert into role_permissions (role_id, permission) values ('boss', 'source.read') on conflict (role_id, permission) do nothing;
insert into role_permissions (role_id, permission) values ('boss', 'task_calendar.read') on conflict (role_id, permission) do nothing;
insert into role_permissions (role_id, permission) values ('boss', 'villa_project.read') on conflict (role_id, permission) do nothing;
insert into roles (id, name, scope) values ('pmo', 'PMO/总助', 'group') on conflict (id) do update set name = excluded.name, scope = excluded.scope;
insert into role_permissions (role_id, permission) values ('pmo', 'dashboard.read') on conflict (role_id, permission) do nothing;
insert into role_permissions (role_id, permission) values ('pmo', 'subsidiary.read') on conflict (role_id, permission) do nothing;
insert into role_permissions (role_id, permission) values ('pmo', 'import.upload') on conflict (role_id, permission) do nothing;
insert into role_permissions (role_id, permission) values ('pmo', 'import.validate') on conflict (role_id, permission) do nothing;
insert into role_permissions (role_id, permission) values ('pmo', 'data.publish') on conflict (role_id, permission) do nothing;
insert into role_permissions (role_id, permission) values ('pmo', 'workflow.manage') on conflict (role_id, permission) do nothing;
insert into role_permissions (role_id, permission) values ('pmo', 'people.manage') on conflict (role_id, permission) do nothing;
insert into role_permissions (role_id, permission) values ('pmo', 'risk.manage') on conflict (role_id, permission) do nothing;
insert into role_permissions (role_id, permission) values ('pmo', 'system.manage') on conflict (role_id, permission) do nothing;
insert into role_permissions (role_id, permission) values ('pmo', 'audit.read') on conflict (role_id, permission) do nothing;
insert into role_permissions (role_id, permission) values ('pmo', 'source.read') on conflict (role_id, permission) do nothing;
insert into role_permissions (role_id, permission) values ('pmo', 'task_calendar.read') on conflict (role_id, permission) do nothing;
insert into role_permissions (role_id, permission) values ('pmo', 'task_calendar.write') on conflict (role_id, permission) do nothing;
insert into role_permissions (role_id, permission) values ('pmo', 'villa_project.read') on conflict (role_id, permission) do nothing;
insert into role_permissions (role_id, permission) values ('pmo', 'villa_project.write') on conflict (role_id, permission) do nothing;
insert into roles (id, name, scope) values ('subsidiary_owner', '子公司负责人', 'subsidiary') on conflict (id) do update set name = excluded.name, scope = excluded.scope;
insert into role_permissions (role_id, permission) values ('subsidiary_owner', 'subsidiary.read') on conflict (role_id, permission) do nothing;
insert into role_permissions (role_id, permission) values ('subsidiary_owner', 'hev.submit') on conflict (role_id, permission) do nothing;
insert into role_permissions (role_id, permission) values ('subsidiary_owner', 'task.update') on conflict (role_id, permission) do nothing;
insert into role_permissions (role_id, permission) values ('subsidiary_owner', 'task_calendar.read') on conflict (role_id, permission) do nothing;
insert into role_permissions (role_id, permission) values ('subsidiary_owner', 'task_calendar.write') on conflict (role_id, permission) do nothing;
insert into roles (id, name, scope) values ('finance_ops', '财务/运营', 'module') on conflict (id) do update set name = excluded.name, scope = excluded.scope;
insert into role_permissions (role_id, permission) values ('finance_ops', 'dashboard.read') on conflict (role_id, permission) do nothing;
insert into role_permissions (role_id, permission) values ('finance_ops', 'import.upload') on conflict (role_id, permission) do nothing;
insert into role_permissions (role_id, permission) values ('finance_ops', 'import.validate') on conflict (role_id, permission) do nothing;
insert into role_permissions (role_id, permission) values ('finance_ops', 'data.correct') on conflict (role_id, permission) do nothing;
insert into role_permissions (role_id, permission) values ('finance_ops', 'source.read') on conflict (role_id, permission) do nothing;
insert into role_permissions (role_id, permission) values ('finance_ops', 'task_calendar.read') on conflict (role_id, permission) do nothing;
insert into role_permissions (role_id, permission) values ('finance_ops', 'task_calendar.write') on conflict (role_id, permission) do nothing;

insert into subsidiaries (id, group_id, name, owner_user_id, active) values ('ab8d1a80-2a6b-5066-bb09-7e35c4fb5454'::uuid, '7cc2801d-485e-520a-8717-5bae10263886'::uuid, '赵宜主', null, true) on conflict (id) do update set name = excluded.name, active = excluded.active;
insert into subsidiaries (id, group_id, name, owner_user_id, active) values ('0402ed79-dcaa-56d4-97ed-a8903269d20d'::uuid, '7cc2801d-485e-520a-8717-5bae10263886'::uuid, '空锦界', null, true) on conflict (id) do update set name = excluded.name, active = excluded.active;
insert into subsidiaries (id, group_id, name, owner_user_id, active) values ('ec03ed74-ee5b-5082-b0db-caa30864abe0'::uuid, '7cc2801d-485e-520a-8717-5bae10263886'::uuid, '无虑传媒', null, true) on conflict (id) do update set name = excluded.name, active = excluded.active;
insert into subsidiaries (id, group_id, name, owner_user_id, active) values ('b83e9604-3a81-510e-af78-2eb042a81efd'::uuid, '7cc2801d-485e-520a-8717-5bae10263886'::uuid, '元气甸甸', null, true) on conflict (id) do update set name = excluded.name, active = excluded.active;
insert into subsidiaries (id, group_id, name, owner_user_id, active) values ('2256c5f2-8739-5606-a9af-a3672fdcd9db'::uuid, '7cc2801d-485e-520a-8717-5bae10263886'::uuid, '谷春雨', null, true) on conflict (id) do update set name = excluded.name, active = excluded.active;
insert into subsidiaries (id, group_id, name, owner_user_id, active) values ('8abce440-9fde-5c0b-a321-b639b5760adf'::uuid, '7cc2801d-485e-520a-8717-5bae10263886'::uuid, '杭州控驻', null, true) on conflict (id) do update set name = excluded.name, active = excluded.active;
insert into subsidiaries (id, group_id, name, owner_user_id, active) values ('57f6ea7c-dd30-5a64-97f7-297071f93a59'::uuid, '7cc2801d-485e-520a-8717-5bae10263886'::uuid, '逆戟鲸', null, true) on conflict (id) do update set name = excluded.name, active = excluded.active;
insert into subsidiaries (id, group_id, name, owner_user_id, active) values ('27e31c37-e7a5-573d-a981-15224a6d4179'::uuid, '7cc2801d-485e-520a-8717-5bae10263886'::uuid, '深圳赫拉', null, true) on conflict (id) do update set name = excluded.name, active = excluded.active;
insert into subsidiaries (id, group_id, name, owner_user_id, active) values ('30b2746a-37d7-5aaa-862d-22efef958204'::uuid, '7cc2801d-485e-520a-8717-5bae10263886'::uuid, '广州竹蜻蜓', null, true) on conflict (id) do update set name = excluded.name, active = excluded.active;
insert into subsidiaries (id, group_id, name, owner_user_id, active) values ('49dc5f41-46c8-53bd-bd6e-52e41d7b64f3'::uuid, '7cc2801d-485e-520a-8717-5bae10263886'::uuid, '风起云涌', null, true) on conflict (id) do update set name = excluded.name, active = excluded.active;
insert into subsidiaries (id, group_id, name, owner_user_id, active) values ('7f488e92-0df7-5984-85b4-d384416b1ea1'::uuid, '7cc2801d-485e-520a-8717-5bae10263886'::uuid, '不拘一格', null, true) on conflict (id) do update set name = excluded.name, active = excluded.active;

insert into users (id, group_id, display_name, role_code, subsidiary_id, active) values ('af99ab5d-2a82-52f7-8f0a-a30792ec6ff4'::uuid, '7cc2801d-485e-520a-8717-5bae10263886'::uuid, '华哥', 'boss', null, true) on conflict (id) do update set display_name = excluded.display_name, role_code = excluded.role_code, subsidiary_id = excluded.subsidiary_id, active = excluded.active;
insert into users (id, group_id, display_name, role_code, subsidiary_id, active) values ('8fb7fafc-c934-521f-a798-122797e29bee'::uuid, '7cc2801d-485e-520a-8717-5bae10263886'::uuid, '李锦宁', 'pmo', null, true) on conflict (id) do update set display_name = excluded.display_name, role_code = excluded.role_code, subsidiary_id = excluded.subsidiary_id, active = excluded.active;
insert into users (id, group_id, display_name, role_code, subsidiary_id, active) values ('ce85da74-3e32-5885-aced-0a9920d4d36d'::uuid, '7cc2801d-485e-520a-8717-5bae10263886'::uuid, '财务负责人', 'finance_ops', null, true) on conflict (id) do update set display_name = excluded.display_name, role_code = excluded.role_code, subsidiary_id = excluded.subsidiary_id, active = excluded.active;
insert into users (id, group_id, display_name, role_code, subsidiary_id, active) values ('0061ae7c-7424-5d6f-9d3e-6d257bb79e59'::uuid, '7cc2801d-485e-520a-8717-5bae10263886'::uuid, '李冬', 'subsidiary_owner', '57f6ea7c-dd30-5a64-97f7-297071f93a59'::uuid, true) on conflict (id) do update set display_name = excluded.display_name, role_code = excluded.role_code, subsidiary_id = excluded.subsidiary_id, active = excluded.active;
insert into users (id, group_id, display_name, role_code, subsidiary_id, active) values ('d08a722d-4c45-589c-947c-ecfd24c0c8cf'::uuid, '7cc2801d-485e-520a-8717-5bae10263886'::uuid, '赵宜主负责人', 'subsidiary_owner', 'ab8d1a80-2a6b-5066-bb09-7e35c4fb5454'::uuid, true) on conflict (id) do update set display_name = excluded.display_name, role_code = excluded.role_code, subsidiary_id = excluded.subsidiary_id, active = excluded.active;
insert into users (id, group_id, display_name, role_code, subsidiary_id, active) values ('912fb565-1e8a-5fef-90a4-bb76df5150ed'::uuid, '7cc2801d-485e-520a-8717-5bae10263886'::uuid, '赵宜主填报账号', 'subsidiary_owner', 'ab8d1a80-2a6b-5066-bb09-7e35c4fb5454'::uuid, true) on conflict (id) do update set display_name = excluded.display_name, role_code = excluded.role_code, subsidiary_id = excluded.subsidiary_id, active = excluded.active;
insert into users (id, group_id, display_name, role_code, subsidiary_id, active) values ('65efba35-2215-5630-9845-c0c0658641ac'::uuid, '7cc2801d-485e-520a-8717-5bae10263886'::uuid, '空锦界填报账号', 'subsidiary_owner', '0402ed79-dcaa-56d4-97ed-a8903269d20d'::uuid, true) on conflict (id) do update set display_name = excluded.display_name, role_code = excluded.role_code, subsidiary_id = excluded.subsidiary_id, active = excluded.active;
insert into users (id, group_id, display_name, role_code, subsidiary_id, active) values ('366c2fd0-9a52-5a77-a68a-5ab2b8a06f7c'::uuid, '7cc2801d-485e-520a-8717-5bae10263886'::uuid, '无虑传媒填报账号', 'subsidiary_owner', 'ec03ed74-ee5b-5082-b0db-caa30864abe0'::uuid, true) on conflict (id) do update set display_name = excluded.display_name, role_code = excluded.role_code, subsidiary_id = excluded.subsidiary_id, active = excluded.active;
insert into users (id, group_id, display_name, role_code, subsidiary_id, active) values ('014f3de2-7198-5ba5-b290-1c019ba85ee6'::uuid, '7cc2801d-485e-520a-8717-5bae10263886'::uuid, '元气甸甸填报账号', 'subsidiary_owner', 'b83e9604-3a81-510e-af78-2eb042a81efd'::uuid, true) on conflict (id) do update set display_name = excluded.display_name, role_code = excluded.role_code, subsidiary_id = excluded.subsidiary_id, active = excluded.active;
insert into users (id, group_id, display_name, role_code, subsidiary_id, active) values ('83c1f870-c221-5ab2-bfd2-80a36fb76146'::uuid, '7cc2801d-485e-520a-8717-5bae10263886'::uuid, '谷春雨填报账号', 'subsidiary_owner', '2256c5f2-8739-5606-a9af-a3672fdcd9db'::uuid, true) on conflict (id) do update set display_name = excluded.display_name, role_code = excluded.role_code, subsidiary_id = excluded.subsidiary_id, active = excluded.active;
insert into users (id, group_id, display_name, role_code, subsidiary_id, active) values ('e0559c4b-95a2-5184-842b-9171e52a7da7'::uuid, '7cc2801d-485e-520a-8717-5bae10263886'::uuid, '杭州控驻填报账号', 'subsidiary_owner', '8abce440-9fde-5c0b-a321-b639b5760adf'::uuid, true) on conflict (id) do update set display_name = excluded.display_name, role_code = excluded.role_code, subsidiary_id = excluded.subsidiary_id, active = excluded.active;
insert into users (id, group_id, display_name, role_code, subsidiary_id, active) values ('5020d76d-7df9-59cf-b858-f9cbeb11bc1e'::uuid, '7cc2801d-485e-520a-8717-5bae10263886'::uuid, '深圳赫拉填报账号', 'subsidiary_owner', '27e31c37-e7a5-573d-a981-15224a6d4179'::uuid, true) on conflict (id) do update set display_name = excluded.display_name, role_code = excluded.role_code, subsidiary_id = excluded.subsidiary_id, active = excluded.active;
insert into users (id, group_id, display_name, role_code, subsidiary_id, active) values ('4621c4ba-69bd-5b29-9c40-6ce5f1b5c5ce'::uuid, '7cc2801d-485e-520a-8717-5bae10263886'::uuid, '广州竹蜻蜓填报账号', 'subsidiary_owner', '30b2746a-37d7-5aaa-862d-22efef958204'::uuid, true) on conflict (id) do update set display_name = excluded.display_name, role_code = excluded.role_code, subsidiary_id = excluded.subsidiary_id, active = excluded.active;
insert into users (id, group_id, display_name, role_code, subsidiary_id, active) values ('912d4322-e669-5fec-869f-4a4d2a674857'::uuid, '7cc2801d-485e-520a-8717-5bae10263886'::uuid, '风起云涌填报账号', 'subsidiary_owner', '49dc5f41-46c8-53bd-bd6e-52e41d7b64f3'::uuid, true) on conflict (id) do update set display_name = excluded.display_name, role_code = excluded.role_code, subsidiary_id = excluded.subsidiary_id, active = excluded.active;
insert into users (id, group_id, display_name, role_code, subsidiary_id, active) values ('690ea6ba-2b8a-52f1-8c97-3b9ac4e1c2a4'::uuid, '7cc2801d-485e-520a-8717-5bae10263886'::uuid, '不拘一格填报账号', 'subsidiary_owner', '7f488e92-0df7-5984-85b4-d384416b1ea1'::uuid, true) on conflict (id) do update set display_name = excluded.display_name, role_code = excluded.role_code, subsidiary_id = excluded.subsidiary_id, active = excluded.active;
insert into users (id, group_id, display_name, role_code, subsidiary_id, active) values ('245c75f0-f688-52d3-bd93-6562246486f9'::uuid, '7cc2801d-485e-520a-8717-5bae10263886'::uuid, '逆戟鲸填报账号', 'subsidiary_owner', '57f6ea7c-dd30-5a64-97f7-297071f93a59'::uuid, true) on conflict (id) do update set display_name = excluded.display_name, role_code = excluded.role_code, subsidiary_id = excluded.subsidiary_id, active = excluded.active;

insert into person_profiles (id, group_id, user_id, display_name, role_code, title, module, active) values ('b1bb7f56-eed0-533a-96df-86cadfe428f0'::uuid, '7cc2801d-485e-520a-8717-5bae10263886'::uuid, 'af99ab5d-2a82-52f7-8f0a-a30792ec6ff4'::uuid, '华哥', 'boss', '董事长 / 最终决策人', '集团战略', true) on conflict (id) do update set display_name = excluded.display_name, role_code = excluded.role_code, title = excluded.title, module = excluded.module, active = excluded.active, updated_at = now();
insert into person_profiles (id, group_id, user_id, display_name, role_code, title, module, active) values ('e178d8c6-8c41-5a3f-85b5-3c7ee8c578c5'::uuid, '7cc2801d-485e-520a-8717-5bae10263886'::uuid, '8fb7fafc-c934-521f-a798-122797e29bee'::uuid, '李锦宁', 'pmo', '集团总助 / 经营承接', '集团经营 OS', true) on conflict (id) do update set display_name = excluded.display_name, role_code = excluded.role_code, title = excluded.title, module = excluded.module, active = excluded.active, updated_at = now();
insert into person_profiles (id, group_id, user_id, display_name, role_code, title, module, active) values ('d5a6f2ae-c7e7-5640-8c61-6c0005a69125'::uuid, '7cc2801d-485e-520a-8717-5bae10263886'::uuid, 'ce85da74-3e32-5885-aced-0a9920d4d36d'::uuid, '财务负责人', 'finance_ops', '财税与经营数据接口', '财税合规', true) on conflict (id) do update set display_name = excluded.display_name, role_code = excluded.role_code, title = excluded.title, module = excluded.module, active = excluded.active, updated_at = now();
insert into person_profiles (id, group_id, user_id, display_name, role_code, title, module, active) values ('b20e0900-c574-5b2c-8919-aecacbdc8a84'::uuid, '7cc2801d-485e-520a-8717-5bae10263886'::uuid, '0061ae7c-7424-5d6f-9d3e-6d257bb79e59'::uuid, '李冬', 'subsidiary_owner', '逆戟鲸负责人', 'BD拓展', true) on conflict (id) do update set display_name = excluded.display_name, role_code = excluded.role_code, title = excluded.title, module = excluded.module, active = excluded.active, updated_at = now();
insert into person_profiles (id, group_id, user_id, display_name, role_code, title, module, active) values ('35521f20-fa91-50d1-9444-ad27e369ad01'::uuid, '7cc2801d-485e-520a-8717-5bae10263886'::uuid, 'd08a722d-4c45-589c-947c-ecfd24c0c8cf'::uuid, '赵宜主负责人', 'subsidiary_owner', '赵宜主负责人', '品牌经营', true) on conflict (id) do update set display_name = excluded.display_name, role_code = excluded.role_code, title = excluded.title, module = excluded.module, active = excluded.active, updated_at = now();
insert into person_profiles (id, group_id, user_id, display_name, role_code, title, module, active) values ('6dc8909e-0178-5adb-9dcc-9a1984d63df8'::uuid, '7cc2801d-485e-520a-8717-5bae10263886'::uuid, null, '供应链中心', 'module_owner', '供应链成本接口', '供应链', true) on conflict (id) do update set display_name = excluded.display_name, role_code = excluded.role_code, title = excluded.title, module = excluded.module, active = excluded.active, updated_at = now();
insert into person_profiles (id, group_id, user_id, display_name, role_code, title, module, active) values ('e7f8ff61-1b64-5dc0-9a64-bd2395eedc9f'::uuid, '7cc2801d-485e-520a-8717-5bae10263886'::uuid, null, '人事行政负责人', 'module_owner', '组织协同接口', '组织协同', true) on conflict (id) do update set display_name = excluded.display_name, role_code = excluded.role_code, title = excluded.title, module = excluded.module, active = excluded.active, updated_at = now();
insert into person_profiles (id, group_id, user_id, display_name, role_code, title, module, active) values ('761e1449-0507-5c42-94a9-696ff0652801'::uuid, '7cc2801d-485e-520a-8717-5bae10263886'::uuid, null, '技术/MCN负责人', 'module_owner', 'AI/技术/MCN接口', 'AI/技术/MCN', true) on conflict (id) do update set display_name = excluded.display_name, role_code = excluded.role_code, title = excluded.title, module = excluded.module, active = excluded.active, updated_at = now();

update subsidiaries set owner_user_id = 'd08a722d-4c45-589c-947c-ecfd24c0c8cf'::uuid where id = 'ab8d1a80-2a6b-5066-bb09-7e35c4fb5454'::uuid;
update subsidiaries set owner_user_id = '65efba35-2215-5630-9845-c0c0658641ac'::uuid where id = '0402ed79-dcaa-56d4-97ed-a8903269d20d'::uuid;
update subsidiaries set owner_user_id = '366c2fd0-9a52-5a77-a68a-5ab2b8a06f7c'::uuid where id = 'ec03ed74-ee5b-5082-b0db-caa30864abe0'::uuid;
update subsidiaries set owner_user_id = '014f3de2-7198-5ba5-b290-1c019ba85ee6'::uuid where id = 'b83e9604-3a81-510e-af78-2eb042a81efd'::uuid;
update subsidiaries set owner_user_id = '83c1f870-c221-5ab2-bfd2-80a36fb76146'::uuid where id = '2256c5f2-8739-5606-a9af-a3672fdcd9db'::uuid;
update subsidiaries set owner_user_id = 'e0559c4b-95a2-5184-842b-9171e52a7da7'::uuid where id = '8abce440-9fde-5c0b-a321-b639b5760adf'::uuid;
update subsidiaries set owner_user_id = '0061ae7c-7424-5d6f-9d3e-6d257bb79e59'::uuid where id = '57f6ea7c-dd30-5a64-97f7-297071f93a59'::uuid;
update subsidiaries set owner_user_id = '5020d76d-7df9-59cf-b858-f9cbeb11bc1e'::uuid where id = '27e31c37-e7a5-573d-a981-15224a6d4179'::uuid;
update subsidiaries set owner_user_id = '4621c4ba-69bd-5b29-9c40-6ce5f1b5c5ce'::uuid where id = '30b2746a-37d7-5aaa-862d-22efef958204'::uuid;
update subsidiaries set owner_user_id = '912d4322-e669-5fec-869f-4a4d2a674857'::uuid where id = '49dc5f41-46c8-53bd-bd6e-52e41d7b64f3'::uuid;
update subsidiaries set owner_user_id = '690ea6ba-2b8a-52f1-8c97-3b9ac4e1c2a4'::uuid where id = '7f488e92-0df7-5984-85b4-d384416b1ea1'::uuid;

insert into metric_definitions (id, group_id, code, name, unit, formula, source_policy) values ('57d069f3-07f8-500a-9786-2624849d3fa9'::uuid, '7cc2801d-485e-520a-8717-5bae10263886'::uuid, 'monthly_target', '月目标', '万', null, 'imported_required') on conflict (group_id, code) do update set name = excluded.name, unit = excluded.unit, formula = excluded.formula, source_policy = excluded.source_policy;
insert into metric_definitions (id, group_id, code, name, unit, formula, source_policy) values ('17db06c5-cccf-5c83-b14f-b0bb516efe4e'::uuid, '7cc2801d-485e-520a-8717-5bae10263886'::uuid, 'monthly_actual', '月完成', '万', null, 'imported_required') on conflict (group_id, code) do update set name = excluded.name, unit = excluded.unit, formula = excluded.formula, source_policy = excluded.source_policy;
insert into metric_definitions (id, group_id, code, name, unit, formula, source_policy) values ('6ad517f0-d74d-582e-b12e-6ba58bb5c578'::uuid, '7cc2801d-485e-520a-8717-5bae10263886'::uuid, 'completion_rate', '完成率', '%', 'monthly_actual / monthly_target * 100', 'derived') on conflict (group_id, code) do update set name = excluded.name, unit = excluded.unit, formula = excluded.formula, source_policy = excluded.source_policy;
insert into metric_definitions (id, group_id, code, name, unit, formula, source_policy) values ('f8a4b0b9-76a1-5bce-97e2-d8e36664ce9f'::uuid, '7cc2801d-485e-520a-8717-5bae10263886'::uuid, 'forecast_rate', '预计完成率', '%', null, 'imported_optional') on conflict (group_id, code) do update set name = excluded.name, unit = excluded.unit, formula = excluded.formula, source_policy = excluded.source_policy;
insert into metric_definitions (id, group_id, code, name, unit, formula, source_policy) values ('e330c5ca-448b-5481-b0f3-506fdba44df3'::uuid, '7cc2801d-485e-520a-8717-5bae10263886'::uuid, 'three_day_rate', '3天完成率', '%', null, 'imported_optional') on conflict (group_id, code) do update set name = excluded.name, unit = excluded.unit, formula = excluded.formula, source_policy = excluded.source_policy;
insert into metric_definitions (id, group_id, code, name, unit, formula, source_policy) values ('cb500711-af07-5d83-acfb-8662fbd5bd13'::uuid, '7cc2801d-485e-520a-8717-5bae10263886'::uuid, 'week_rate', '周完成率', '%', null, 'imported_optional') on conflict (group_id, code) do update set name = excluded.name, unit = excluded.unit, formula = excluded.formula, source_policy = excluded.source_policy;

insert into import_batches (id, group_id, period, file_name, source, file_hash, object_key, source_mime_type, source_file_size, uploaded_by, state, row_count, error_count, created_at) values ('6f277fc4-b289-53a6-bc44-80b3dc5b16da'::uuid, '7cc2801d-485e-520a-8717-5bae10263886'::uuid, '2026-05', '2026年5月子公司目标完成看板.xlsx', '涌动花鱼任务管理页面经营数据', 'sha256-ff10a21fb6708600853325e871a2aaccdd09ff97267bd9473e5bed76469629c4', null, null, null, '8fb7fafc-c934-521f-a798-122797e29bee'::uuid, 'published', 341, 0, '2026-05-26T09:30:00+08:00'::timestamptz) on conflict (id) do update set state = excluded.state, row_count = excluded.row_count, error_count = excluded.error_count;
insert into import_batches (id, group_id, period, file_name, source, file_hash, object_key, source_mime_type, source_file_size, uploaded_by, state, row_count, error_count, created_at) values ('ddf74349-be0a-5f54-b5b2-091fa4aad0f4'::uuid, '7cc2801d-485e-520a-8717-5bae10263886'::uuid, '2026-05', '子公司日动作补充.csv', '子公司每日填写', 'sha256-131ebbc4d2d3147e85dd2f32d0bf74ae9a2438a57930b30fe6063b3e2ca0fbc0', null, null, null, '8fb7fafc-c934-521f-a798-122797e29bee'::uuid, 'validated', 42, 2, '2026-05-28T15:18:00+08:00'::timestamptz) on conflict (id) do update set state = excluded.state, row_count = excluded.row_count, error_count = excluded.error_count;
insert into import_batches (id, group_id, period, file_name, source, file_hash, object_key, source_mime_type, source_file_size, uploaded_by, state, row_count, error_count, created_at) values ('d124ff37-871d-5506-b0a4-b44c469d44ac'::uuid, '7cc2801d-485e-520a-8717-5bae10263886'::uuid, '2026-05', '深圳赫拉目标补录.xlsx', 'WPS导出', 'sha256-08a0b7ae1f37e071a3961dcc084cbb3e5d4fa78168a5446eaa8ec8b26527e35c', null, null, null, 'ce85da74-3e32-5885-aced-0a9920d4d36d'::uuid, 'raw', 12, 4, '2026-05-28T15:44:00+08:00'::timestamptz) on conflict (id) do update set state = excluded.state, row_count = excluded.row_count, error_count = excluded.error_count;

insert into source_rows (id, batch_id, row_number, raw_payload, normalized_payload, validation_state) values ('90bcf275-938f-55d3-b557-a3ac3f4c06ec'::uuid, ''::uuid, 6, '{"name":"赵宜主","owner":"李锦宁","target":3000,"actual":2754.7,"forecastRate":105.4,"threeDayRate":98.5,"weekRate":59.5}'::jsonb, '{"subsidiaryId":"zhaoyizhu","name":"赵宜主","target":3000,"actual":2754.7,"forecastRate":105.4,"threeDayRate":98.5,"weekRate":59.5}'::jsonb, 'valid') on conflict (batch_id, row_number) do update set raw_payload = excluded.raw_payload, normalized_payload = excluded.normalized_payload, validation_state = excluded.validation_state;
insert into source_rows (id, batch_id, row_number, raw_payload, normalized_payload, validation_state) values ('68774988-42e7-5cc7-9707-7be74ccc8d88'::uuid, ''::uuid, 5, '{"name":"空锦界","owner":"空锦界运营负责人","target":100,"actual":72.7,"forecastRate":90.1,"threeDayRate":101.3,"weekRate":97.9}'::jsonb, '{"subsidiaryId":"kongjinjie","name":"空锦界","target":100,"actual":72.7,"forecastRate":90.1,"threeDayRate":101.3,"weekRate":97.9}'::jsonb, 'valid') on conflict (batch_id, row_number) do update set raw_payload = excluded.raw_payload, normalized_payload = excluded.normalized_payload, validation_state = excluded.validation_state;
insert into source_rows (id, batch_id, row_number, raw_payload, normalized_payload, validation_state) values ('ee7e4ed3-2ccb-5c83-913f-5ef7fc0f697e'::uuid, ''::uuid, 9, '{"name":"无虑传媒","owner":"珠海无虑传媒负责人","target":400,"actual":411.4,"forecastRate":122.6,"threeDayRate":26.4,"weekRate":62.4}'::jsonb, '{"subsidiaryId":"wulvchuanmei","name":"无虑传媒","target":400,"actual":411.4,"forecastRate":122.6,"threeDayRate":26.4,"weekRate":62.4}'::jsonb, 'valid') on conflict (batch_id, row_number) do update set raw_payload = excluded.raw_payload, normalized_payload = excluded.normalized_payload, validation_state = excluded.validation_state;
insert into source_rows (id, batch_id, row_number, raw_payload, normalized_payload, validation_state) values ('085efcfe-b9d3-5072-8322-2c5ecf2b4019'::uuid, ''::uuid, 10, '{"name":"元气甸甸","owner":"梁燕红","target":20,"actual":17.2,"forecastRate":86,"threeDayRate":0,"weekRate":8.9}'::jsonb, '{"subsidiaryId":"yuanqidiandian","name":"元气甸甸","target":20,"actual":17.2,"forecastRate":86,"threeDayRate":0,"weekRate":8.9}'::jsonb, 'valid') on conflict (batch_id, row_number) do update set raw_payload = excluded.raw_payload, normalized_payload = excluded.normalized_payload, validation_state = excluded.validation_state;
insert into source_rows (id, batch_id, row_number, raw_payload, normalized_payload, validation_state) values ('13ef9836-16ef-5677-9c4e-2ab91e5f80b9'::uuid, ''::uuid, 8, '{"name":"谷春雨","owner":"珠海谷春雨负责人","target":100,"actual":135,"forecastRate":135,"threeDayRate":0,"weekRate":81.9}'::jsonb, '{"subsidiaryId":"guchunyu","name":"谷春雨","target":100,"actual":135,"forecastRate":135,"threeDayRate":0,"weekRate":81.9}'::jsonb, 'valid') on conflict (batch_id, row_number) do update set raw_payload = excluded.raw_payload, normalized_payload = excluded.normalized_payload, validation_state = excluded.validation_state;
insert into source_rows (id, batch_id, row_number, raw_payload, normalized_payload, validation_state) values ('13cb2e7f-e795-5759-9ed2-553c16478ab3'::uuid, ''::uuid, 4, '{"name":"杭州控驻","owner":"杭州涌动花鱼负责人","target":45,"actual":23,"forecastRate":51.1,"threeDayRate":0,"weekRate":0}'::jsonb, '{"subsidiaryId":"hangzhoukongzhu","name":"杭州控驻","target":45,"actual":23,"forecastRate":51.1,"threeDayRate":0,"weekRate":0}'::jsonb, 'valid') on conflict (batch_id, row_number) do update set raw_payload = excluded.raw_payload, normalized_payload = excluded.normalized_payload, validation_state = excluded.validation_state;
insert into source_rows (id, batch_id, row_number, raw_payload, normalized_payload, validation_state) values ('7487eeb9-0dd4-5d3c-a70e-47f4a96f6df3'::uuid, ''::uuid, 3, '{"name":"逆戟鲸","owner":"李冬","target":300,"actual":125.8,"forecastRate":41.9,"threeDayRate":0,"weekRate":4.7}'::jsonb, '{"subsidiaryId":"nijijing","name":"逆戟鲸","target":300,"actual":125.8,"forecastRate":41.9,"threeDayRate":0,"weekRate":4.7}'::jsonb, 'valid') on conflict (batch_id, row_number) do update set raw_payload = excluded.raw_payload, normalized_payload = excluded.normalized_payload, validation_state = excluded.validation_state;
insert into source_rows (id, batch_id, row_number, raw_payload, normalized_payload, validation_state) values ('3c59a582-e20c-5fdc-b152-450f4168a217'::uuid, ''::uuid, 1, '{"name":"深圳赫拉","owner":"深圳团队负责人","target":30,"actual":0,"forecastRate":0,"threeDayRate":0,"weekRate":0}'::jsonb, '{"subsidiaryId":"shenzhenhela","name":"深圳赫拉","target":30,"actual":0,"forecastRate":0,"threeDayRate":0,"weekRate":0}'::jsonb, 'valid') on conflict (batch_id, row_number) do update set raw_payload = excluded.raw_payload, normalized_payload = excluded.normalized_payload, validation_state = excluded.validation_state;
insert into source_rows (id, batch_id, row_number, raw_payload, normalized_payload, validation_state) values ('b050343d-0e69-5c47-9f9d-521be256b54f'::uuid, ''::uuid, 10, '{"name":"广州竹蜻蜓","owner":"广州竹蜻蜓负责人","target":0,"actual":0.4,"forecastRate":null,"threeDayRate":0,"weekRate":0}'::jsonb, '{"subsidiaryId":"guangzhouzhuqingting","name":"广州竹蜻蜓","target":0,"actual":0.4,"forecastRate":null,"threeDayRate":0,"weekRate":0}'::jsonb, 'valid') on conflict (batch_id, row_number) do update set raw_payload = excluded.raw_payload, normalized_payload = excluded.normalized_payload, validation_state = excluded.validation_state;
insert into source_rows (id, batch_id, row_number, raw_payload, normalized_payload, validation_state) values ('b8ad6370-9202-536b-b6cc-8301b7e99684'::uuid, ''::uuid, 11, '{"name":"风起云涌","owner":"风起云涌负责人","target":50,"actual":44.2,"forecastRate":88.4,"threeDayRate":0,"weekRate":0}'::jsonb, '{"subsidiaryId":"fengqiyunyong","name":"风起云涌","target":50,"actual":44.2,"forecastRate":88.4,"threeDayRate":0,"weekRate":0}'::jsonb, 'valid') on conflict (batch_id, row_number) do update set raw_payload = excluded.raw_payload, normalized_payload = excluded.normalized_payload, validation_state = excluded.validation_state;
insert into source_rows (id, batch_id, row_number, raw_payload, normalized_payload, validation_state) values ('c4642a37-b6af-56a9-a78d-83a351c84c05'::uuid, ''::uuid, 12, '{"name":"不拘一格","owner":"不拘一格负责人","target":4,"actual":5.8,"forecastRate":145,"threeDayRate":0,"weekRate":0}'::jsonb, '{"subsidiaryId":"bujuyige","name":"不拘一格","target":4,"actual":5.8,"forecastRate":145,"threeDayRate":0,"weekRate":0}'::jsonb, 'valid') on conflict (batch_id, row_number) do update set raw_payload = excluded.raw_payload, normalized_payload = excluded.normalized_payload, validation_state = excluded.validation_state;

insert into validation_issues (id, batch_id, row_number, field, severity, message) values ('c3d9a739-b1d4-55ac-9c80-9ce315ee47e3'::uuid, 'ddf74349-be0a-5f54-b5b2-091fa4aad0f4'::uuid, 17, 'actual', 'warning', '完成值缺少单位，需确认是元还是万元。') on conflict (id) do update set severity = excluded.severity, message = excluded.message;
insert into validation_issues (id, batch_id, row_number, field, severity, message) values ('77c7c8c2-093e-5c46-9ca4-d317ebd64461'::uuid, 'ddf74349-be0a-5f54-b5b2-091fa4aad0f4'::uuid, 23, 'company', 'error', '子公司名称无法匹配组织档案。') on conflict (id) do update set severity = excluded.severity, message = excluded.message;
insert into validation_issues (id, batch_id, row_number, field, severity, message) values ('bfcf3d07-56b9-59ef-a58e-03041eb4e576'::uuid, 'd124ff37-871d-5506-b0a4-b44c469d44ac'::uuid, 2, 'target', 'error', '月目标为空，不能发布。') on conflict (id) do update set severity = excluded.severity, message = excluded.message;

insert into subsidiary_metrics (id, group_id, subsidiary_id, metric_id, period, value, data_state, import_batch_id, source_row_id) values ('25f984e2-27be-5af9-a2ca-788e8f87c5f8'::uuid, '7cc2801d-485e-520a-8717-5bae10263886'::uuid, 'ab8d1a80-2a6b-5066-bb09-7e35c4fb5454'::uuid, '57d069f3-07f8-500a-9786-2624849d3fa9'::uuid, '2026-05', 3000, 'published', ''::uuid, '90bcf275-938f-55d3-b557-a3ac3f4c06ec'::uuid) on conflict (id) do update set value = excluded.value, data_state = excluded.data_state;
insert into subsidiary_metrics (id, group_id, subsidiary_id, metric_id, period, value, data_state, import_batch_id, source_row_id) values ('dedd5b64-d22a-5097-9719-7bab17bc2283'::uuid, '7cc2801d-485e-520a-8717-5bae10263886'::uuid, 'ab8d1a80-2a6b-5066-bb09-7e35c4fb5454'::uuid, '17db06c5-cccf-5c83-b14f-b0bb516efe4e'::uuid, '2026-05', 2754.7, 'published', ''::uuid, '90bcf275-938f-55d3-b557-a3ac3f4c06ec'::uuid) on conflict (id) do update set value = excluded.value, data_state = excluded.data_state;
insert into subsidiary_metrics (id, group_id, subsidiary_id, metric_id, period, value, data_state, import_batch_id, source_row_id) values ('56317a97-f01b-5126-8983-b064cbccbb86'::uuid, '7cc2801d-485e-520a-8717-5bae10263886'::uuid, 'ab8d1a80-2a6b-5066-bb09-7e35c4fb5454'::uuid, 'f8a4b0b9-76a1-5bce-97e2-d8e36664ce9f'::uuid, '2026-05', 105.4, 'published', ''::uuid, '90bcf275-938f-55d3-b557-a3ac3f4c06ec'::uuid) on conflict (id) do update set value = excluded.value, data_state = excluded.data_state;
insert into subsidiary_metrics (id, group_id, subsidiary_id, metric_id, period, value, data_state, import_batch_id, source_row_id) values ('34cfc2bf-ac23-5b46-a7e6-7cd4e1080705'::uuid, '7cc2801d-485e-520a-8717-5bae10263886'::uuid, 'ab8d1a80-2a6b-5066-bb09-7e35c4fb5454'::uuid, 'e330c5ca-448b-5481-b0f3-506fdba44df3'::uuid, '2026-05', 98.5, 'published', ''::uuid, '90bcf275-938f-55d3-b557-a3ac3f4c06ec'::uuid) on conflict (id) do update set value = excluded.value, data_state = excluded.data_state;
insert into subsidiary_metrics (id, group_id, subsidiary_id, metric_id, period, value, data_state, import_batch_id, source_row_id) values ('7231026a-3d0c-5cdb-9fc1-50500300c867'::uuid, '7cc2801d-485e-520a-8717-5bae10263886'::uuid, 'ab8d1a80-2a6b-5066-bb09-7e35c4fb5454'::uuid, 'cb500711-af07-5d83-acfb-8662fbd5bd13'::uuid, '2026-05', 59.5, 'published', ''::uuid, '90bcf275-938f-55d3-b557-a3ac3f4c06ec'::uuid) on conflict (id) do update set value = excluded.value, data_state = excluded.data_state;
insert into subsidiary_metrics (id, group_id, subsidiary_id, metric_id, period, value, data_state, import_batch_id, source_row_id) values ('cb582a83-95c9-564c-a6df-315a51cb84cf'::uuid, '7cc2801d-485e-520a-8717-5bae10263886'::uuid, '0402ed79-dcaa-56d4-97ed-a8903269d20d'::uuid, '57d069f3-07f8-500a-9786-2624849d3fa9'::uuid, '2026-05', 100, 'published', ''::uuid, '68774988-42e7-5cc7-9707-7be74ccc8d88'::uuid) on conflict (id) do update set value = excluded.value, data_state = excluded.data_state;
insert into subsidiary_metrics (id, group_id, subsidiary_id, metric_id, period, value, data_state, import_batch_id, source_row_id) values ('c4e1a671-c936-58ae-aabc-1f225a89a090'::uuid, '7cc2801d-485e-520a-8717-5bae10263886'::uuid, '0402ed79-dcaa-56d4-97ed-a8903269d20d'::uuid, '17db06c5-cccf-5c83-b14f-b0bb516efe4e'::uuid, '2026-05', 72.7, 'published', ''::uuid, '68774988-42e7-5cc7-9707-7be74ccc8d88'::uuid) on conflict (id) do update set value = excluded.value, data_state = excluded.data_state;
insert into subsidiary_metrics (id, group_id, subsidiary_id, metric_id, period, value, data_state, import_batch_id, source_row_id) values ('0e01b19c-317b-5023-9493-5739278e36a6'::uuid, '7cc2801d-485e-520a-8717-5bae10263886'::uuid, '0402ed79-dcaa-56d4-97ed-a8903269d20d'::uuid, 'f8a4b0b9-76a1-5bce-97e2-d8e36664ce9f'::uuid, '2026-05', 90.1, 'published', ''::uuid, '68774988-42e7-5cc7-9707-7be74ccc8d88'::uuid) on conflict (id) do update set value = excluded.value, data_state = excluded.data_state;
insert into subsidiary_metrics (id, group_id, subsidiary_id, metric_id, period, value, data_state, import_batch_id, source_row_id) values ('f5c334cc-c4e7-5d46-b236-6608acc9cf3b'::uuid, '7cc2801d-485e-520a-8717-5bae10263886'::uuid, '0402ed79-dcaa-56d4-97ed-a8903269d20d'::uuid, 'e330c5ca-448b-5481-b0f3-506fdba44df3'::uuid, '2026-05', 101.3, 'published', ''::uuid, '68774988-42e7-5cc7-9707-7be74ccc8d88'::uuid) on conflict (id) do update set value = excluded.value, data_state = excluded.data_state;
insert into subsidiary_metrics (id, group_id, subsidiary_id, metric_id, period, value, data_state, import_batch_id, source_row_id) values ('55051845-138c-55b4-a6e2-c6c8569ef354'::uuid, '7cc2801d-485e-520a-8717-5bae10263886'::uuid, '0402ed79-dcaa-56d4-97ed-a8903269d20d'::uuid, 'cb500711-af07-5d83-acfb-8662fbd5bd13'::uuid, '2026-05', 97.9, 'published', ''::uuid, '68774988-42e7-5cc7-9707-7be74ccc8d88'::uuid) on conflict (id) do update set value = excluded.value, data_state = excluded.data_state;
insert into subsidiary_metrics (id, group_id, subsidiary_id, metric_id, period, value, data_state, import_batch_id, source_row_id) values ('2c2b9ab9-2e57-56b6-818d-d4e576453d68'::uuid, '7cc2801d-485e-520a-8717-5bae10263886'::uuid, 'ec03ed74-ee5b-5082-b0db-caa30864abe0'::uuid, '57d069f3-07f8-500a-9786-2624849d3fa9'::uuid, '2026-05', 400, 'published', ''::uuid, 'ee7e4ed3-2ccb-5c83-913f-5ef7fc0f697e'::uuid) on conflict (id) do update set value = excluded.value, data_state = excluded.data_state;
insert into subsidiary_metrics (id, group_id, subsidiary_id, metric_id, period, value, data_state, import_batch_id, source_row_id) values ('9343d56c-0878-51e4-8b7d-3dbdcc2db478'::uuid, '7cc2801d-485e-520a-8717-5bae10263886'::uuid, 'ec03ed74-ee5b-5082-b0db-caa30864abe0'::uuid, '17db06c5-cccf-5c83-b14f-b0bb516efe4e'::uuid, '2026-05', 411.4, 'published', ''::uuid, 'ee7e4ed3-2ccb-5c83-913f-5ef7fc0f697e'::uuid) on conflict (id) do update set value = excluded.value, data_state = excluded.data_state;
insert into subsidiary_metrics (id, group_id, subsidiary_id, metric_id, period, value, data_state, import_batch_id, source_row_id) values ('a1cff3f5-782f-5551-b00d-50f0794af032'::uuid, '7cc2801d-485e-520a-8717-5bae10263886'::uuid, 'ec03ed74-ee5b-5082-b0db-caa30864abe0'::uuid, 'f8a4b0b9-76a1-5bce-97e2-d8e36664ce9f'::uuid, '2026-05', 122.6, 'published', ''::uuid, 'ee7e4ed3-2ccb-5c83-913f-5ef7fc0f697e'::uuid) on conflict (id) do update set value = excluded.value, data_state = excluded.data_state;
insert into subsidiary_metrics (id, group_id, subsidiary_id, metric_id, period, value, data_state, import_batch_id, source_row_id) values ('8e3cf073-3cc8-5d5e-b45a-d3d972eb0861'::uuid, '7cc2801d-485e-520a-8717-5bae10263886'::uuid, 'ec03ed74-ee5b-5082-b0db-caa30864abe0'::uuid, 'e330c5ca-448b-5481-b0f3-506fdba44df3'::uuid, '2026-05', 26.4, 'published', ''::uuid, 'ee7e4ed3-2ccb-5c83-913f-5ef7fc0f697e'::uuid) on conflict (id) do update set value = excluded.value, data_state = excluded.data_state;
insert into subsidiary_metrics (id, group_id, subsidiary_id, metric_id, period, value, data_state, import_batch_id, source_row_id) values ('e63ba249-6798-52d4-9939-73164851d00f'::uuid, '7cc2801d-485e-520a-8717-5bae10263886'::uuid, 'ec03ed74-ee5b-5082-b0db-caa30864abe0'::uuid, 'cb500711-af07-5d83-acfb-8662fbd5bd13'::uuid, '2026-05', 62.4, 'published', ''::uuid, 'ee7e4ed3-2ccb-5c83-913f-5ef7fc0f697e'::uuid) on conflict (id) do update set value = excluded.value, data_state = excluded.data_state;
insert into subsidiary_metrics (id, group_id, subsidiary_id, metric_id, period, value, data_state, import_batch_id, source_row_id) values ('a995dc76-3789-5e45-8be6-48736308adb9'::uuid, '7cc2801d-485e-520a-8717-5bae10263886'::uuid, 'b83e9604-3a81-510e-af78-2eb042a81efd'::uuid, '57d069f3-07f8-500a-9786-2624849d3fa9'::uuid, '2026-05', 20, 'published', ''::uuid, '085efcfe-b9d3-5072-8322-2c5ecf2b4019'::uuid) on conflict (id) do update set value = excluded.value, data_state = excluded.data_state;
insert into subsidiary_metrics (id, group_id, subsidiary_id, metric_id, period, value, data_state, import_batch_id, source_row_id) values ('aeb62947-b5a8-5e41-bc09-91ae4b795bc5'::uuid, '7cc2801d-485e-520a-8717-5bae10263886'::uuid, 'b83e9604-3a81-510e-af78-2eb042a81efd'::uuid, '17db06c5-cccf-5c83-b14f-b0bb516efe4e'::uuid, '2026-05', 17.2, 'published', ''::uuid, '085efcfe-b9d3-5072-8322-2c5ecf2b4019'::uuid) on conflict (id) do update set value = excluded.value, data_state = excluded.data_state;
insert into subsidiary_metrics (id, group_id, subsidiary_id, metric_id, period, value, data_state, import_batch_id, source_row_id) values ('39f72c83-5d4a-5c0a-ac6f-1bb4ca3a5a83'::uuid, '7cc2801d-485e-520a-8717-5bae10263886'::uuid, 'b83e9604-3a81-510e-af78-2eb042a81efd'::uuid, 'f8a4b0b9-76a1-5bce-97e2-d8e36664ce9f'::uuid, '2026-05', 86, 'published', ''::uuid, '085efcfe-b9d3-5072-8322-2c5ecf2b4019'::uuid) on conflict (id) do update set value = excluded.value, data_state = excluded.data_state;
insert into subsidiary_metrics (id, group_id, subsidiary_id, metric_id, period, value, data_state, import_batch_id, source_row_id) values ('44e36269-9410-5d9e-8f3e-f90a24bdd429'::uuid, '7cc2801d-485e-520a-8717-5bae10263886'::uuid, 'b83e9604-3a81-510e-af78-2eb042a81efd'::uuid, 'e330c5ca-448b-5481-b0f3-506fdba44df3'::uuid, '2026-05', 0, 'published', ''::uuid, '085efcfe-b9d3-5072-8322-2c5ecf2b4019'::uuid) on conflict (id) do update set value = excluded.value, data_state = excluded.data_state;
insert into subsidiary_metrics (id, group_id, subsidiary_id, metric_id, period, value, data_state, import_batch_id, source_row_id) values ('8475d2e1-583a-55bb-b93f-13f342669a51'::uuid, '7cc2801d-485e-520a-8717-5bae10263886'::uuid, 'b83e9604-3a81-510e-af78-2eb042a81efd'::uuid, 'cb500711-af07-5d83-acfb-8662fbd5bd13'::uuid, '2026-05', 8.9, 'published', ''::uuid, '085efcfe-b9d3-5072-8322-2c5ecf2b4019'::uuid) on conflict (id) do update set value = excluded.value, data_state = excluded.data_state;
insert into subsidiary_metrics (id, group_id, subsidiary_id, metric_id, period, value, data_state, import_batch_id, source_row_id) values ('54417977-5be1-55b0-bc49-2f9def7674e9'::uuid, '7cc2801d-485e-520a-8717-5bae10263886'::uuid, '2256c5f2-8739-5606-a9af-a3672fdcd9db'::uuid, '57d069f3-07f8-500a-9786-2624849d3fa9'::uuid, '2026-05', 100, 'published', ''::uuid, '13ef9836-16ef-5677-9c4e-2ab91e5f80b9'::uuid) on conflict (id) do update set value = excluded.value, data_state = excluded.data_state;
insert into subsidiary_metrics (id, group_id, subsidiary_id, metric_id, period, value, data_state, import_batch_id, source_row_id) values ('1ce34100-600f-5e00-8ba0-95b02ab6eb2b'::uuid, '7cc2801d-485e-520a-8717-5bae10263886'::uuid, '2256c5f2-8739-5606-a9af-a3672fdcd9db'::uuid, '17db06c5-cccf-5c83-b14f-b0bb516efe4e'::uuid, '2026-05', 135, 'published', ''::uuid, '13ef9836-16ef-5677-9c4e-2ab91e5f80b9'::uuid) on conflict (id) do update set value = excluded.value, data_state = excluded.data_state;
insert into subsidiary_metrics (id, group_id, subsidiary_id, metric_id, period, value, data_state, import_batch_id, source_row_id) values ('cd20e7c0-244b-5f62-8a50-28000a0465ac'::uuid, '7cc2801d-485e-520a-8717-5bae10263886'::uuid, '2256c5f2-8739-5606-a9af-a3672fdcd9db'::uuid, 'f8a4b0b9-76a1-5bce-97e2-d8e36664ce9f'::uuid, '2026-05', 135, 'published', ''::uuid, '13ef9836-16ef-5677-9c4e-2ab91e5f80b9'::uuid) on conflict (id) do update set value = excluded.value, data_state = excluded.data_state;
insert into subsidiary_metrics (id, group_id, subsidiary_id, metric_id, period, value, data_state, import_batch_id, source_row_id) values ('db0f7750-e655-50c9-82e4-c97f42d886d7'::uuid, '7cc2801d-485e-520a-8717-5bae10263886'::uuid, '2256c5f2-8739-5606-a9af-a3672fdcd9db'::uuid, 'e330c5ca-448b-5481-b0f3-506fdba44df3'::uuid, '2026-05', 0, 'published', ''::uuid, '13ef9836-16ef-5677-9c4e-2ab91e5f80b9'::uuid) on conflict (id) do update set value = excluded.value, data_state = excluded.data_state;
insert into subsidiary_metrics (id, group_id, subsidiary_id, metric_id, period, value, data_state, import_batch_id, source_row_id) values ('2bf4b29f-8f99-5f1a-8754-20c85fcc2e75'::uuid, '7cc2801d-485e-520a-8717-5bae10263886'::uuid, '2256c5f2-8739-5606-a9af-a3672fdcd9db'::uuid, 'cb500711-af07-5d83-acfb-8662fbd5bd13'::uuid, '2026-05', 81.9, 'published', ''::uuid, '13ef9836-16ef-5677-9c4e-2ab91e5f80b9'::uuid) on conflict (id) do update set value = excluded.value, data_state = excluded.data_state;
insert into subsidiary_metrics (id, group_id, subsidiary_id, metric_id, period, value, data_state, import_batch_id, source_row_id) values ('4aa47a20-e75f-52cd-9744-f5ac335aa877'::uuid, '7cc2801d-485e-520a-8717-5bae10263886'::uuid, '8abce440-9fde-5c0b-a321-b639b5760adf'::uuid, '57d069f3-07f8-500a-9786-2624849d3fa9'::uuid, '2026-05', 45, 'published', ''::uuid, '13cb2e7f-e795-5759-9ed2-553c16478ab3'::uuid) on conflict (id) do update set value = excluded.value, data_state = excluded.data_state;
insert into subsidiary_metrics (id, group_id, subsidiary_id, metric_id, period, value, data_state, import_batch_id, source_row_id) values ('a21234c7-e0db-592d-b16a-d5ae2a415faf'::uuid, '7cc2801d-485e-520a-8717-5bae10263886'::uuid, '8abce440-9fde-5c0b-a321-b639b5760adf'::uuid, '17db06c5-cccf-5c83-b14f-b0bb516efe4e'::uuid, '2026-05', 23, 'published', ''::uuid, '13cb2e7f-e795-5759-9ed2-553c16478ab3'::uuid) on conflict (id) do update set value = excluded.value, data_state = excluded.data_state;
insert into subsidiary_metrics (id, group_id, subsidiary_id, metric_id, period, value, data_state, import_batch_id, source_row_id) values ('cdf9bc9b-532e-5567-a687-fcbed6f6ff31'::uuid, '7cc2801d-485e-520a-8717-5bae10263886'::uuid, '8abce440-9fde-5c0b-a321-b639b5760adf'::uuid, 'f8a4b0b9-76a1-5bce-97e2-d8e36664ce9f'::uuid, '2026-05', 51.1, 'published', ''::uuid, '13cb2e7f-e795-5759-9ed2-553c16478ab3'::uuid) on conflict (id) do update set value = excluded.value, data_state = excluded.data_state;
insert into subsidiary_metrics (id, group_id, subsidiary_id, metric_id, period, value, data_state, import_batch_id, source_row_id) values ('f7c83b1a-538f-51d6-9d41-8618ccda1a58'::uuid, '7cc2801d-485e-520a-8717-5bae10263886'::uuid, '8abce440-9fde-5c0b-a321-b639b5760adf'::uuid, 'e330c5ca-448b-5481-b0f3-506fdba44df3'::uuid, '2026-05', 0, 'published', ''::uuid, '13cb2e7f-e795-5759-9ed2-553c16478ab3'::uuid) on conflict (id) do update set value = excluded.value, data_state = excluded.data_state;
insert into subsidiary_metrics (id, group_id, subsidiary_id, metric_id, period, value, data_state, import_batch_id, source_row_id) values ('e369915e-606e-526b-8c62-545bde916469'::uuid, '7cc2801d-485e-520a-8717-5bae10263886'::uuid, '8abce440-9fde-5c0b-a321-b639b5760adf'::uuid, 'cb500711-af07-5d83-acfb-8662fbd5bd13'::uuid, '2026-05', 0, 'published', ''::uuid, '13cb2e7f-e795-5759-9ed2-553c16478ab3'::uuid) on conflict (id) do update set value = excluded.value, data_state = excluded.data_state;
insert into subsidiary_metrics (id, group_id, subsidiary_id, metric_id, period, value, data_state, import_batch_id, source_row_id) values ('dab4db17-183e-53af-a7de-c06101c0f1f2'::uuid, '7cc2801d-485e-520a-8717-5bae10263886'::uuid, '57f6ea7c-dd30-5a64-97f7-297071f93a59'::uuid, '57d069f3-07f8-500a-9786-2624849d3fa9'::uuid, '2026-05', 300, 'published', ''::uuid, '7487eeb9-0dd4-5d3c-a70e-47f4a96f6df3'::uuid) on conflict (id) do update set value = excluded.value, data_state = excluded.data_state;
insert into subsidiary_metrics (id, group_id, subsidiary_id, metric_id, period, value, data_state, import_batch_id, source_row_id) values ('51f46855-a6f2-5871-b3a8-27ef08894653'::uuid, '7cc2801d-485e-520a-8717-5bae10263886'::uuid, '57f6ea7c-dd30-5a64-97f7-297071f93a59'::uuid, '17db06c5-cccf-5c83-b14f-b0bb516efe4e'::uuid, '2026-05', 125.8, 'published', ''::uuid, '7487eeb9-0dd4-5d3c-a70e-47f4a96f6df3'::uuid) on conflict (id) do update set value = excluded.value, data_state = excluded.data_state;
insert into subsidiary_metrics (id, group_id, subsidiary_id, metric_id, period, value, data_state, import_batch_id, source_row_id) values ('99df2a83-318d-5974-8455-e5acbe583431'::uuid, '7cc2801d-485e-520a-8717-5bae10263886'::uuid, '57f6ea7c-dd30-5a64-97f7-297071f93a59'::uuid, 'f8a4b0b9-76a1-5bce-97e2-d8e36664ce9f'::uuid, '2026-05', 41.9, 'published', ''::uuid, '7487eeb9-0dd4-5d3c-a70e-47f4a96f6df3'::uuid) on conflict (id) do update set value = excluded.value, data_state = excluded.data_state;
insert into subsidiary_metrics (id, group_id, subsidiary_id, metric_id, period, value, data_state, import_batch_id, source_row_id) values ('773f90df-ed7f-5595-835f-dd0037671e59'::uuid, '7cc2801d-485e-520a-8717-5bae10263886'::uuid, '57f6ea7c-dd30-5a64-97f7-297071f93a59'::uuid, 'e330c5ca-448b-5481-b0f3-506fdba44df3'::uuid, '2026-05', 0, 'published', ''::uuid, '7487eeb9-0dd4-5d3c-a70e-47f4a96f6df3'::uuid) on conflict (id) do update set value = excluded.value, data_state = excluded.data_state;
insert into subsidiary_metrics (id, group_id, subsidiary_id, metric_id, period, value, data_state, import_batch_id, source_row_id) values ('b7d9e849-1ed0-588e-8c49-8deda3ac0350'::uuid, '7cc2801d-485e-520a-8717-5bae10263886'::uuid, '57f6ea7c-dd30-5a64-97f7-297071f93a59'::uuid, 'cb500711-af07-5d83-acfb-8662fbd5bd13'::uuid, '2026-05', 4.7, 'published', ''::uuid, '7487eeb9-0dd4-5d3c-a70e-47f4a96f6df3'::uuid) on conflict (id) do update set value = excluded.value, data_state = excluded.data_state;
insert into subsidiary_metrics (id, group_id, subsidiary_id, metric_id, period, value, data_state, import_batch_id, source_row_id) values ('c348bde8-a600-59a5-8439-82f0230582e6'::uuid, '7cc2801d-485e-520a-8717-5bae10263886'::uuid, '27e31c37-e7a5-573d-a981-15224a6d4179'::uuid, '57d069f3-07f8-500a-9786-2624849d3fa9'::uuid, '2026-05', 30, 'published', ''::uuid, '3c59a582-e20c-5fdc-b152-450f4168a217'::uuid) on conflict (id) do update set value = excluded.value, data_state = excluded.data_state;
insert into subsidiary_metrics (id, group_id, subsidiary_id, metric_id, period, value, data_state, import_batch_id, source_row_id) values ('5058e3d5-ff69-5fbe-9d0b-eb52670cc94f'::uuid, '7cc2801d-485e-520a-8717-5bae10263886'::uuid, '27e31c37-e7a5-573d-a981-15224a6d4179'::uuid, '17db06c5-cccf-5c83-b14f-b0bb516efe4e'::uuid, '2026-05', 0, 'published', ''::uuid, '3c59a582-e20c-5fdc-b152-450f4168a217'::uuid) on conflict (id) do update set value = excluded.value, data_state = excluded.data_state;
insert into subsidiary_metrics (id, group_id, subsidiary_id, metric_id, period, value, data_state, import_batch_id, source_row_id) values ('831f3f4f-4aac-5502-ab67-8a806d9dd0df'::uuid, '7cc2801d-485e-520a-8717-5bae10263886'::uuid, '27e31c37-e7a5-573d-a981-15224a6d4179'::uuid, 'f8a4b0b9-76a1-5bce-97e2-d8e36664ce9f'::uuid, '2026-05', 0, 'published', ''::uuid, '3c59a582-e20c-5fdc-b152-450f4168a217'::uuid) on conflict (id) do update set value = excluded.value, data_state = excluded.data_state;
insert into subsidiary_metrics (id, group_id, subsidiary_id, metric_id, period, value, data_state, import_batch_id, source_row_id) values ('62fb4314-8869-5f9f-8e41-75b38ca9b6dc'::uuid, '7cc2801d-485e-520a-8717-5bae10263886'::uuid, '27e31c37-e7a5-573d-a981-15224a6d4179'::uuid, 'e330c5ca-448b-5481-b0f3-506fdba44df3'::uuid, '2026-05', 0, 'published', ''::uuid, '3c59a582-e20c-5fdc-b152-450f4168a217'::uuid) on conflict (id) do update set value = excluded.value, data_state = excluded.data_state;
insert into subsidiary_metrics (id, group_id, subsidiary_id, metric_id, period, value, data_state, import_batch_id, source_row_id) values ('96ee24ce-0805-57ce-9a49-4c0a93215ce9'::uuid, '7cc2801d-485e-520a-8717-5bae10263886'::uuid, '27e31c37-e7a5-573d-a981-15224a6d4179'::uuid, 'cb500711-af07-5d83-acfb-8662fbd5bd13'::uuid, '2026-05', 0, 'published', ''::uuid, '3c59a582-e20c-5fdc-b152-450f4168a217'::uuid) on conflict (id) do update set value = excluded.value, data_state = excluded.data_state;
insert into subsidiary_metrics (id, group_id, subsidiary_id, metric_id, period, value, data_state, import_batch_id, source_row_id) values ('364ac2b4-1afb-55e3-ace8-19d72bed7729'::uuid, '7cc2801d-485e-520a-8717-5bae10263886'::uuid, '30b2746a-37d7-5aaa-862d-22efef958204'::uuid, '57d069f3-07f8-500a-9786-2624849d3fa9'::uuid, '2026-05', 0, 'published', ''::uuid, 'b050343d-0e69-5c47-9f9d-521be256b54f'::uuid) on conflict (id) do update set value = excluded.value, data_state = excluded.data_state;
insert into subsidiary_metrics (id, group_id, subsidiary_id, metric_id, period, value, data_state, import_batch_id, source_row_id) values ('3c67141f-bed7-5799-a7af-ae84250a9521'::uuid, '7cc2801d-485e-520a-8717-5bae10263886'::uuid, '30b2746a-37d7-5aaa-862d-22efef958204'::uuid, '17db06c5-cccf-5c83-b14f-b0bb516efe4e'::uuid, '2026-05', 0.4, 'published', ''::uuid, 'b050343d-0e69-5c47-9f9d-521be256b54f'::uuid) on conflict (id) do update set value = excluded.value, data_state = excluded.data_state;
insert into subsidiary_metrics (id, group_id, subsidiary_id, metric_id, period, value, data_state, import_batch_id, source_row_id) values ('8519c3e5-4149-51a3-82c7-aae900a3daa3'::uuid, '7cc2801d-485e-520a-8717-5bae10263886'::uuid, '30b2746a-37d7-5aaa-862d-22efef958204'::uuid, 'e330c5ca-448b-5481-b0f3-506fdba44df3'::uuid, '2026-05', 0, 'published', ''::uuid, 'b050343d-0e69-5c47-9f9d-521be256b54f'::uuid) on conflict (id) do update set value = excluded.value, data_state = excluded.data_state;
insert into subsidiary_metrics (id, group_id, subsidiary_id, metric_id, period, value, data_state, import_batch_id, source_row_id) values ('013a6aa1-4d90-5f13-b159-7812f589ef23'::uuid, '7cc2801d-485e-520a-8717-5bae10263886'::uuid, '30b2746a-37d7-5aaa-862d-22efef958204'::uuid, 'cb500711-af07-5d83-acfb-8662fbd5bd13'::uuid, '2026-05', 0, 'published', ''::uuid, 'b050343d-0e69-5c47-9f9d-521be256b54f'::uuid) on conflict (id) do update set value = excluded.value, data_state = excluded.data_state;
insert into subsidiary_metrics (id, group_id, subsidiary_id, metric_id, period, value, data_state, import_batch_id, source_row_id) values ('2cbbbbbb-d78f-5718-aa99-38ed8a296c93'::uuid, '7cc2801d-485e-520a-8717-5bae10263886'::uuid, '49dc5f41-46c8-53bd-bd6e-52e41d7b64f3'::uuid, '57d069f3-07f8-500a-9786-2624849d3fa9'::uuid, '2026-05', 50, 'published', ''::uuid, 'b8ad6370-9202-536b-b6cc-8301b7e99684'::uuid) on conflict (id) do update set value = excluded.value, data_state = excluded.data_state;
insert into subsidiary_metrics (id, group_id, subsidiary_id, metric_id, period, value, data_state, import_batch_id, source_row_id) values ('a3be09a4-8eb7-5e59-9b7e-199c4bde0f37'::uuid, '7cc2801d-485e-520a-8717-5bae10263886'::uuid, '49dc5f41-46c8-53bd-bd6e-52e41d7b64f3'::uuid, '17db06c5-cccf-5c83-b14f-b0bb516efe4e'::uuid, '2026-05', 44.2, 'published', ''::uuid, 'b8ad6370-9202-536b-b6cc-8301b7e99684'::uuid) on conflict (id) do update set value = excluded.value, data_state = excluded.data_state;
insert into subsidiary_metrics (id, group_id, subsidiary_id, metric_id, period, value, data_state, import_batch_id, source_row_id) values ('c7df1258-bb7d-54ec-abcd-4963e9fc9c6a'::uuid, '7cc2801d-485e-520a-8717-5bae10263886'::uuid, '49dc5f41-46c8-53bd-bd6e-52e41d7b64f3'::uuid, 'f8a4b0b9-76a1-5bce-97e2-d8e36664ce9f'::uuid, '2026-05', 88.4, 'published', ''::uuid, 'b8ad6370-9202-536b-b6cc-8301b7e99684'::uuid) on conflict (id) do update set value = excluded.value, data_state = excluded.data_state;
insert into subsidiary_metrics (id, group_id, subsidiary_id, metric_id, period, value, data_state, import_batch_id, source_row_id) values ('9e869359-6d91-538b-a67a-dcab548258e7'::uuid, '7cc2801d-485e-520a-8717-5bae10263886'::uuid, '49dc5f41-46c8-53bd-bd6e-52e41d7b64f3'::uuid, 'e330c5ca-448b-5481-b0f3-506fdba44df3'::uuid, '2026-05', 0, 'published', ''::uuid, 'b8ad6370-9202-536b-b6cc-8301b7e99684'::uuid) on conflict (id) do update set value = excluded.value, data_state = excluded.data_state;
insert into subsidiary_metrics (id, group_id, subsidiary_id, metric_id, period, value, data_state, import_batch_id, source_row_id) values ('b40ffc30-e8c1-5bdf-b796-8db8793a4092'::uuid, '7cc2801d-485e-520a-8717-5bae10263886'::uuid, '49dc5f41-46c8-53bd-bd6e-52e41d7b64f3'::uuid, 'cb500711-af07-5d83-acfb-8662fbd5bd13'::uuid, '2026-05', 0, 'published', ''::uuid, 'b8ad6370-9202-536b-b6cc-8301b7e99684'::uuid) on conflict (id) do update set value = excluded.value, data_state = excluded.data_state;
insert into subsidiary_metrics (id, group_id, subsidiary_id, metric_id, period, value, data_state, import_batch_id, source_row_id) values ('7f96aaf0-8d55-5158-b748-f3b69667f2e0'::uuid, '7cc2801d-485e-520a-8717-5bae10263886'::uuid, '7f488e92-0df7-5984-85b4-d384416b1ea1'::uuid, '57d069f3-07f8-500a-9786-2624849d3fa9'::uuid, '2026-05', 4, 'published', ''::uuid, 'c4642a37-b6af-56a9-a78d-83a351c84c05'::uuid) on conflict (id) do update set value = excluded.value, data_state = excluded.data_state;
insert into subsidiary_metrics (id, group_id, subsidiary_id, metric_id, period, value, data_state, import_batch_id, source_row_id) values ('e7e79527-44da-5bda-9beb-b94fc4461007'::uuid, '7cc2801d-485e-520a-8717-5bae10263886'::uuid, '7f488e92-0df7-5984-85b4-d384416b1ea1'::uuid, '17db06c5-cccf-5c83-b14f-b0bb516efe4e'::uuid, '2026-05', 5.8, 'published', ''::uuid, 'c4642a37-b6af-56a9-a78d-83a351c84c05'::uuid) on conflict (id) do update set value = excluded.value, data_state = excluded.data_state;
insert into subsidiary_metrics (id, group_id, subsidiary_id, metric_id, period, value, data_state, import_batch_id, source_row_id) values ('814da18c-fef7-5b3e-9784-7ca0df218978'::uuid, '7cc2801d-485e-520a-8717-5bae10263886'::uuid, '7f488e92-0df7-5984-85b4-d384416b1ea1'::uuid, 'f8a4b0b9-76a1-5bce-97e2-d8e36664ce9f'::uuid, '2026-05', 145, 'published', ''::uuid, 'c4642a37-b6af-56a9-a78d-83a351c84c05'::uuid) on conflict (id) do update set value = excluded.value, data_state = excluded.data_state;
insert into subsidiary_metrics (id, group_id, subsidiary_id, metric_id, period, value, data_state, import_batch_id, source_row_id) values ('c380cec5-537b-5ee9-b493-f3eebdea1330'::uuid, '7cc2801d-485e-520a-8717-5bae10263886'::uuid, '7f488e92-0df7-5984-85b4-d384416b1ea1'::uuid, 'e330c5ca-448b-5481-b0f3-506fdba44df3'::uuid, '2026-05', 0, 'published', ''::uuid, 'c4642a37-b6af-56a9-a78d-83a351c84c05'::uuid) on conflict (id) do update set value = excluded.value, data_state = excluded.data_state;
insert into subsidiary_metrics (id, group_id, subsidiary_id, metric_id, period, value, data_state, import_batch_id, source_row_id) values ('13f2cc3b-b2ab-5c60-bf43-64a3484deac2'::uuid, '7cc2801d-485e-520a-8717-5bae10263886'::uuid, '7f488e92-0df7-5984-85b4-d384416b1ea1'::uuid, 'cb500711-af07-5d83-acfb-8662fbd5bd13'::uuid, '2026-05', 0, 'published', ''::uuid, 'c4642a37-b6af-56a9-a78d-83a351c84c05'::uuid) on conflict (id) do update set value = excluded.value, data_state = excluded.data_state;

insert into workflow_items (id, group_id, subsidiary_id, type, state, title, owner_user_id, evidence) values ('a99607db-2b24-56d4-9351-7932e5ca5418'::uuid, '7cc2801d-485e-520a-8717-5bae10263886'::uuid, 'ab8d1a80-2a6b-5066-bb09-7e35c4fb5454'::uuid, 'hev', 'reviewed', '赵宜主 hev workflow', 'd08a722d-4c45-589c-947c-ecfd24c0c8cf'::uuid, '["zhaoyizhu","TASK-CALENDAR-2026-05"]'::jsonb) on conflict (id) do update set state = excluded.state, owner_user_id = excluded.owner_user_id, evidence = excluded.evidence, updated_at = now();
insert into workflow_items (id, group_id, subsidiary_id, type, state, title, owner_user_id, evidence) values ('f949c582-9723-5c9b-890e-ea1e7d878b0a'::uuid, '7cc2801d-485e-520a-8717-5bae10263886'::uuid, 'ab8d1a80-2a6b-5066-bb09-7e35c4fb5454'::uuid, 'task', 'in_progress', '赵宜主 task workflow', 'd08a722d-4c45-589c-947c-ecfd24c0c8cf'::uuid, '["zhaoyizhu","TASK-CALENDAR-2026-05"]'::jsonb) on conflict (id) do update set state = excluded.state, owner_user_id = excluded.owner_user_id, evidence = excluded.evidence, updated_at = now();
insert into workflow_items (id, group_id, subsidiary_id, type, state, title, owner_user_id, evidence) values ('be9400f6-3b29-525d-8507-529fe91425f0'::uuid, '7cc2801d-485e-520a-8717-5bae10263886'::uuid, 'ab8d1a80-2a6b-5066-bb09-7e35c4fb5454'::uuid, 'risk', 'owner_assigned', '赵宜主 risk workflow', 'd08a722d-4c45-589c-947c-ecfd24c0c8cf'::uuid, '["zhaoyizhu","TASK-CALENDAR-2026-05"]'::jsonb) on conflict (id) do update set state = excluded.state, owner_user_id = excluded.owner_user_id, evidence = excluded.evidence, updated_at = now();
insert into workflow_items (id, group_id, subsidiary_id, type, state, title, owner_user_id, evidence) values ('a74c68f3-4fd7-509d-a2e8-b1583672eb0d'::uuid, '7cc2801d-485e-520a-8717-5bae10263886'::uuid, 'ab8d1a80-2a6b-5066-bb09-7e35c4fb5454'::uuid, 'decision', 'evidence_attached', '赵宜主 decision workflow', 'd08a722d-4c45-589c-947c-ecfd24c0c8cf'::uuid, '["zhaoyizhu","TASK-CALENDAR-2026-05"]'::jsonb) on conflict (id) do update set state = excluded.state, owner_user_id = excluded.owner_user_id, evidence = excluded.evidence, updated_at = now();
insert into workflow_items (id, group_id, subsidiary_id, type, state, title, owner_user_id, evidence) values ('bbf651c2-fcd4-57bc-b29e-44046db5489d'::uuid, '7cc2801d-485e-520a-8717-5bae10263886'::uuid, '0402ed79-dcaa-56d4-97ed-a8903269d20d'::uuid, 'hev', 'submitted', '空锦界 hev workflow', '65efba35-2215-5630-9845-c0c0658641ac'::uuid, '["kongjinjie","TASK-CALENDAR-2026-05"]'::jsonb) on conflict (id) do update set state = excluded.state, owner_user_id = excluded.owner_user_id, evidence = excluded.evidence, updated_at = now();
insert into workflow_items (id, group_id, subsidiary_id, type, state, title, owner_user_id, evidence) values ('c381395d-aa4f-5192-9211-6b18e02414e1'::uuid, '7cc2801d-485e-520a-8717-5bae10263886'::uuid, '0402ed79-dcaa-56d4-97ed-a8903269d20d'::uuid, 'task', 'assigned', '空锦界 task workflow', '65efba35-2215-5630-9845-c0c0658641ac'::uuid, '["kongjinjie","TASK-CALENDAR-2026-05"]'::jsonb) on conflict (id) do update set state = excluded.state, owner_user_id = excluded.owner_user_id, evidence = excluded.evidence, updated_at = now();
insert into workflow_items (id, group_id, subsidiary_id, type, state, title, owner_user_id, evidence) values ('04071501-98ad-592d-9106-a7d9675a5c14'::uuid, '7cc2801d-485e-520a-8717-5bae10263886'::uuid, '0402ed79-dcaa-56d4-97ed-a8903269d20d'::uuid, 'risk', 'triaged', '空锦界 risk workflow', '65efba35-2215-5630-9845-c0c0658641ac'::uuid, '["kongjinjie","TASK-CALENDAR-2026-05"]'::jsonb) on conflict (id) do update set state = excluded.state, owner_user_id = excluded.owner_user_id, evidence = excluded.evidence, updated_at = now();
insert into workflow_items (id, group_id, subsidiary_id, type, state, title, owner_user_id, evidence) values ('03f5946e-a77d-55e9-91ad-6093bb5d62ac'::uuid, '7cc2801d-485e-520a-8717-5bae10263886'::uuid, '0402ed79-dcaa-56d4-97ed-a8903269d20d'::uuid, 'decision', 'proposed', '空锦界 decision workflow', '65efba35-2215-5630-9845-c0c0658641ac'::uuid, '["kongjinjie","TASK-CALENDAR-2026-05"]'::jsonb) on conflict (id) do update set state = excluded.state, owner_user_id = excluded.owner_user_id, evidence = excluded.evidence, updated_at = now();
insert into workflow_items (id, group_id, subsidiary_id, type, state, title, owner_user_id, evidence) values ('bebdfd8f-3136-59a8-9266-c21fc6484adb'::uuid, '7cc2801d-485e-520a-8717-5bae10263886'::uuid, 'ec03ed74-ee5b-5082-b0db-caa30864abe0'::uuid, 'hev', 'verified', '无虑传媒 hev workflow', '366c2fd0-9a52-5a77-a68a-5ab2b8a06f7c'::uuid, '["wulvchuanmei","TASK-CALENDAR-2026-05"]'::jsonb) on conflict (id) do update set state = excluded.state, owner_user_id = excluded.owner_user_id, evidence = excluded.evidence, updated_at = now();
insert into workflow_items (id, group_id, subsidiary_id, type, state, title, owner_user_id, evidence) values ('d7a88187-f82e-5207-b1f6-92fcb70c7266'::uuid, '7cc2801d-485e-520a-8717-5bae10263886'::uuid, 'ec03ed74-ee5b-5082-b0db-caa30864abe0'::uuid, 'task', 'accepted', '无虑传媒 task workflow', '366c2fd0-9a52-5a77-a68a-5ab2b8a06f7c'::uuid, '["wulvchuanmei","TASK-CALENDAR-2026-05"]'::jsonb) on conflict (id) do update set state = excluded.state, owner_user_id = excluded.owner_user_id, evidence = excluded.evidence, updated_at = now();
insert into workflow_items (id, group_id, subsidiary_id, type, state, title, owner_user_id, evidence) values ('a9e7a05d-7dcc-5931-9d41-058771c2766b'::uuid, '7cc2801d-485e-520a-8717-5bae10263886'::uuid, 'ec03ed74-ee5b-5082-b0db-caa30864abe0'::uuid, 'risk', 'controlled', '无虑传媒 risk workflow', '366c2fd0-9a52-5a77-a68a-5ab2b8a06f7c'::uuid, '["wulvchuanmei","TASK-CALENDAR-2026-05"]'::jsonb) on conflict (id) do update set state = excluded.state, owner_user_id = excluded.owner_user_id, evidence = excluded.evidence, updated_at = now();
insert into workflow_items (id, group_id, subsidiary_id, type, state, title, owner_user_id, evidence) values ('7fae8e73-1389-548f-97ed-3e610ca4ec3c'::uuid, '7cc2801d-485e-520a-8717-5bae10263886'::uuid, 'ec03ed74-ee5b-5082-b0db-caa30864abe0'::uuid, 'decision', 'archived', '无虑传媒 decision workflow', '366c2fd0-9a52-5a77-a68a-5ab2b8a06f7c'::uuid, '["wulvchuanmei","TASK-CALENDAR-2026-05"]'::jsonb) on conflict (id) do update set state = excluded.state, owner_user_id = excluded.owner_user_id, evidence = excluded.evidence, updated_at = now();
insert into workflow_items (id, group_id, subsidiary_id, type, state, title, owner_user_id, evidence) values ('e6664676-200a-5aea-b361-fa663e5860df'::uuid, '7cc2801d-485e-520a-8717-5bae10263886'::uuid, 'b83e9604-3a81-510e-af78-2eb042a81efd'::uuid, 'hev', 'reviewed', '元气甸甸 hev workflow', '014f3de2-7198-5ba5-b290-1c019ba85ee6'::uuid, '["yuanqidiandian","TASK-CALENDAR-2026-05"]'::jsonb) on conflict (id) do update set state = excluded.state, owner_user_id = excluded.owner_user_id, evidence = excluded.evidence, updated_at = now();
insert into workflow_items (id, group_id, subsidiary_id, type, state, title, owner_user_id, evidence) values ('4f2c7108-b5ff-5225-bcef-8e97d0ec943e'::uuid, '7cc2801d-485e-520a-8717-5bae10263886'::uuid, 'b83e9604-3a81-510e-af78-2eb042a81efd'::uuid, 'task', 'in_progress', '元气甸甸 task workflow', '014f3de2-7198-5ba5-b290-1c019ba85ee6'::uuid, '["yuanqidiandian","TASK-CALENDAR-2026-05"]'::jsonb) on conflict (id) do update set state = excluded.state, owner_user_id = excluded.owner_user_id, evidence = excluded.evidence, updated_at = now();
insert into workflow_items (id, group_id, subsidiary_id, type, state, title, owner_user_id, evidence) values ('da04a5b9-98a1-5896-8a9b-dfda3b851f99'::uuid, '7cc2801d-485e-520a-8717-5bae10263886'::uuid, 'b83e9604-3a81-510e-af78-2eb042a81efd'::uuid, 'risk', 'mitigation_in_progress', '元气甸甸 risk workflow', '014f3de2-7198-5ba5-b290-1c019ba85ee6'::uuid, '["yuanqidiandian","TASK-CALENDAR-2026-05"]'::jsonb) on conflict (id) do update set state = excluded.state, owner_user_id = excluded.owner_user_id, evidence = excluded.evidence, updated_at = now();
insert into workflow_items (id, group_id, subsidiary_id, type, state, title, owner_user_id, evidence) values ('73f161d4-2075-532e-8d07-c1eda29ce9fe'::uuid, '7cc2801d-485e-520a-8717-5bae10263886'::uuid, 'b83e9604-3a81-510e-af78-2eb042a81efd'::uuid, 'decision', 'proposed', '元气甸甸 decision workflow', '014f3de2-7198-5ba5-b290-1c019ba85ee6'::uuid, '["yuanqidiandian","TASK-CALENDAR-2026-05"]'::jsonb) on conflict (id) do update set state = excluded.state, owner_user_id = excluded.owner_user_id, evidence = excluded.evidence, updated_at = now();
insert into workflow_items (id, group_id, subsidiary_id, type, state, title, owner_user_id, evidence) values ('3bbf6f26-db85-5761-8475-ad11fcbc59f6'::uuid, '7cc2801d-485e-520a-8717-5bae10263886'::uuid, '2256c5f2-8739-5606-a9af-a3672fdcd9db'::uuid, 'hev', 'submitted', '谷春雨 hev workflow', '83c1f870-c221-5ab2-bfd2-80a36fb76146'::uuid, '["guchunyu","TASK-CALENDAR-2026-05"]'::jsonb) on conflict (id) do update set state = excluded.state, owner_user_id = excluded.owner_user_id, evidence = excluded.evidence, updated_at = now();
insert into workflow_items (id, group_id, subsidiary_id, type, state, title, owner_user_id, evidence) values ('4e0cc79f-05fc-5496-b42f-8cef13ca93d3'::uuid, '7cc2801d-485e-520a-8717-5bae10263886'::uuid, '2256c5f2-8739-5606-a9af-a3672fdcd9db'::uuid, 'task', 'done', '谷春雨 task workflow', '83c1f870-c221-5ab2-bfd2-80a36fb76146'::uuid, '["guchunyu","TASK-CALENDAR-2026-05"]'::jsonb) on conflict (id) do update set state = excluded.state, owner_user_id = excluded.owner_user_id, evidence = excluded.evidence, updated_at = now();
insert into workflow_items (id, group_id, subsidiary_id, type, state, title, owner_user_id, evidence) values ('9f77f0bc-5a05-572a-b799-6e0e668ec0a7'::uuid, '7cc2801d-485e-520a-8717-5bae10263886'::uuid, '2256c5f2-8739-5606-a9af-a3672fdcd9db'::uuid, 'risk', 'controlled', '谷春雨 risk workflow', '83c1f870-c221-5ab2-bfd2-80a36fb76146'::uuid, '["guchunyu","TASK-CALENDAR-2026-05"]'::jsonb) on conflict (id) do update set state = excluded.state, owner_user_id = excluded.owner_user_id, evidence = excluded.evidence, updated_at = now();
insert into workflow_items (id, group_id, subsidiary_id, type, state, title, owner_user_id, evidence) values ('2a2339f7-175d-5ccd-8716-aa887dec5968'::uuid, '7cc2801d-485e-520a-8717-5bae10263886'::uuid, '2256c5f2-8739-5606-a9af-a3672fdcd9db'::uuid, 'decision', 'archived', '谷春雨 decision workflow', '83c1f870-c221-5ab2-bfd2-80a36fb76146'::uuid, '["guchunyu","TASK-CALENDAR-2026-05"]'::jsonb) on conflict (id) do update set state = excluded.state, owner_user_id = excluded.owner_user_id, evidence = excluded.evidence, updated_at = now();
insert into workflow_items (id, group_id, subsidiary_id, type, state, title, owner_user_id, evidence) values ('2da1f015-736e-5dd5-ac5e-46d39ee345fc'::uuid, '7cc2801d-485e-520a-8717-5bae10263886'::uuid, '8abce440-9fde-5c0b-a321-b639b5760adf'::uuid, 'hev', 'action_required', '杭州控驻 hev workflow', 'e0559c4b-95a2-5184-842b-9171e52a7da7'::uuid, '["hangzhoukongzhu","TASK-CALENDAR-2026-05"]'::jsonb) on conflict (id) do update set state = excluded.state, owner_user_id = excluded.owner_user_id, evidence = excluded.evidence, updated_at = now();
insert into workflow_items (id, group_id, subsidiary_id, type, state, title, owner_user_id, evidence) values ('3f30537e-8f3e-54e7-9740-b6d076baa2a4'::uuid, '7cc2801d-485e-520a-8717-5bae10263886'::uuid, '8abce440-9fde-5c0b-a321-b639b5760adf'::uuid, 'task', 'blocked', '杭州控驻 task workflow', 'e0559c4b-95a2-5184-842b-9171e52a7da7'::uuid, '["hangzhoukongzhu","TASK-CALENDAR-2026-05"]'::jsonb) on conflict (id) do update set state = excluded.state, owner_user_id = excluded.owner_user_id, evidence = excluded.evidence, updated_at = now();
insert into workflow_items (id, group_id, subsidiary_id, type, state, title, owner_user_id, evidence) values ('2c2b9055-8a77-51c2-ac6c-a6385134519f'::uuid, '7cc2801d-485e-520a-8717-5bae10263886'::uuid, '8abce440-9fde-5c0b-a321-b639b5760adf'::uuid, 'risk', 'escalated', '杭州控驻 risk workflow', 'e0559c4b-95a2-5184-842b-9171e52a7da7'::uuid, '["hangzhoukongzhu","TASK-CALENDAR-2026-05"]'::jsonb) on conflict (id) do update set state = excluded.state, owner_user_id = excluded.owner_user_id, evidence = excluded.evidence, updated_at = now();
insert into workflow_items (id, group_id, subsidiary_id, type, state, title, owner_user_id, evidence) values ('56e5bd40-24d9-502e-9b22-5b9ebd052c87'::uuid, '7cc2801d-485e-520a-8717-5bae10263886'::uuid, '8abce440-9fde-5c0b-a321-b639b5760adf'::uuid, 'decision', 'pending_decision', '杭州控驻 decision workflow', 'e0559c4b-95a2-5184-842b-9171e52a7da7'::uuid, '["hangzhoukongzhu","TASK-CALENDAR-2026-05"]'::jsonb) on conflict (id) do update set state = excluded.state, owner_user_id = excluded.owner_user_id, evidence = excluded.evidence, updated_at = now();
insert into workflow_items (id, group_id, subsidiary_id, type, state, title, owner_user_id, evidence) values ('4c991244-2b77-5086-9ac9-825ba879edb6'::uuid, '7cc2801d-485e-520a-8717-5bae10263886'::uuid, '57f6ea7c-dd30-5a64-97f7-297071f93a59'::uuid, 'hev', 'submitted', '逆戟鲸 hev workflow', '0061ae7c-7424-5d6f-9d3e-6d257bb79e59'::uuid, '["nijijing","TASK-CALENDAR-2026-05"]'::jsonb) on conflict (id) do update set state = excluded.state, owner_user_id = excluded.owner_user_id, evidence = excluded.evidence, updated_at = now();
insert into workflow_items (id, group_id, subsidiary_id, type, state, title, owner_user_id, evidence) values ('d09a2f07-35c0-5a4e-bfd2-c8a9fe0b5494'::uuid, '7cc2801d-485e-520a-8717-5bae10263886'::uuid, '57f6ea7c-dd30-5a64-97f7-297071f93a59'::uuid, 'task', 'in_progress', '逆戟鲸 task workflow', '0061ae7c-7424-5d6f-9d3e-6d257bb79e59'::uuid, '["nijijing","TASK-CALENDAR-2026-05"]'::jsonb) on conflict (id) do update set state = excluded.state, owner_user_id = excluded.owner_user_id, evidence = excluded.evidence, updated_at = now();
insert into workflow_items (id, group_id, subsidiary_id, type, state, title, owner_user_id, evidence) values ('0b1e2042-fdf6-5abe-944f-5f9e88acbb1c'::uuid, '7cc2801d-485e-520a-8717-5bae10263886'::uuid, '57f6ea7c-dd30-5a64-97f7-297071f93a59'::uuid, 'risk', 'escalated', '逆戟鲸 risk workflow', '0061ae7c-7424-5d6f-9d3e-6d257bb79e59'::uuid, '["nijijing","TASK-CALENDAR-2026-05"]'::jsonb) on conflict (id) do update set state = excluded.state, owner_user_id = excluded.owner_user_id, evidence = excluded.evidence, updated_at = now();
insert into workflow_items (id, group_id, subsidiary_id, type, state, title, owner_user_id, evidence) values ('3db0b25d-4489-5809-95a3-d2fe4f619f7b'::uuid, '7cc2801d-485e-520a-8717-5bae10263886'::uuid, '57f6ea7c-dd30-5a64-97f7-297071f93a59'::uuid, 'decision', 'pending_decision', '逆戟鲸 decision workflow', '0061ae7c-7424-5d6f-9d3e-6d257bb79e59'::uuid, '["nijijing","TASK-CALENDAR-2026-05"]'::jsonb) on conflict (id) do update set state = excluded.state, owner_user_id = excluded.owner_user_id, evidence = excluded.evidence, updated_at = now();
insert into workflow_items (id, group_id, subsidiary_id, type, state, title, owner_user_id, evidence) values ('dd0058eb-20e6-58d3-8e58-c1964bf50ce8'::uuid, '7cc2801d-485e-520a-8717-5bae10263886'::uuid, '27e31c37-e7a5-573d-a981-15224a6d4179'::uuid, 'hev', 'draft', '深圳赫拉 hev workflow', '5020d76d-7df9-59cf-b858-f9cbeb11bc1e'::uuid, '["shenzhenhela","TASK-CALENDAR-2026-05"]'::jsonb) on conflict (id) do update set state = excluded.state, owner_user_id = excluded.owner_user_id, evidence = excluded.evidence, updated_at = now();
insert into workflow_items (id, group_id, subsidiary_id, type, state, title, owner_user_id, evidence) values ('28843144-77a1-51eb-9475-115a004b58c3'::uuid, '7cc2801d-485e-520a-8717-5bae10263886'::uuid, '27e31c37-e7a5-573d-a981-15224a6d4179'::uuid, 'task', 'created', '深圳赫拉 task workflow', '5020d76d-7df9-59cf-b858-f9cbeb11bc1e'::uuid, '["shenzhenhela","TASK-CALENDAR-2026-05"]'::jsonb) on conflict (id) do update set state = excluded.state, owner_user_id = excluded.owner_user_id, evidence = excluded.evidence, updated_at = now();
insert into workflow_items (id, group_id, subsidiary_id, type, state, title, owner_user_id, evidence) values ('66aa2342-9f25-51f6-9271-263f8f538489'::uuid, '7cc2801d-485e-520a-8717-5bae10263886'::uuid, '27e31c37-e7a5-573d-a981-15224a6d4179'::uuid, 'risk', 'identified', '深圳赫拉 risk workflow', '5020d76d-7df9-59cf-b858-f9cbeb11bc1e'::uuid, '["shenzhenhela","TASK-CALENDAR-2026-05"]'::jsonb) on conflict (id) do update set state = excluded.state, owner_user_id = excluded.owner_user_id, evidence = excluded.evidence, updated_at = now();
insert into workflow_items (id, group_id, subsidiary_id, type, state, title, owner_user_id, evidence) values ('d15dd170-1326-5047-855d-e612a8c775da'::uuid, '7cc2801d-485e-520a-8717-5bae10263886'::uuid, '27e31c37-e7a5-573d-a981-15224a6d4179'::uuid, 'decision', 'proposed', '深圳赫拉 decision workflow', '5020d76d-7df9-59cf-b858-f9cbeb11bc1e'::uuid, '["shenzhenhela","TASK-CALENDAR-2026-05"]'::jsonb) on conflict (id) do update set state = excluded.state, owner_user_id = excluded.owner_user_id, evidence = excluded.evidence, updated_at = now();
insert into workflow_items (id, group_id, subsidiary_id, type, state, title, owner_user_id, evidence) values ('c510d8f6-52ae-53c3-ad3e-8d6e7f533aa4'::uuid, '7cc2801d-485e-520a-8717-5bae10263886'::uuid, '30b2746a-37d7-5aaa-862d-22efef958204'::uuid, 'hev', 'submitted', '广州竹蜻蜓 hev workflow', '4621c4ba-69bd-5b29-9c40-6ce5f1b5c5ce'::uuid, '["guangzhouzhuqingting","TASK-CALENDAR-2026-05"]'::jsonb) on conflict (id) do update set state = excluded.state, owner_user_id = excluded.owner_user_id, evidence = excluded.evidence, updated_at = now();
insert into workflow_items (id, group_id, subsidiary_id, type, state, title, owner_user_id, evidence) values ('9714aeb6-3fd7-56ce-b1ea-99a785880c28'::uuid, '7cc2801d-485e-520a-8717-5bae10263886'::uuid, '30b2746a-37d7-5aaa-862d-22efef958204'::uuid, 'task', 'in_progress', '广州竹蜻蜓 task workflow', '4621c4ba-69bd-5b29-9c40-6ce5f1b5c5ce'::uuid, '["guangzhouzhuqingting","TASK-CALENDAR-2026-05"]'::jsonb) on conflict (id) do update set state = excluded.state, owner_user_id = excluded.owner_user_id, evidence = excluded.evidence, updated_at = now();
insert into workflow_items (id, group_id, subsidiary_id, type, state, title, owner_user_id, evidence) values ('39b369e1-1531-5000-b27a-8676961c2c85'::uuid, '7cc2801d-485e-520a-8717-5bae10263886'::uuid, '30b2746a-37d7-5aaa-862d-22efef958204'::uuid, 'risk', 'owner_assigned', '广州竹蜻蜓 risk workflow', '4621c4ba-69bd-5b29-9c40-6ce5f1b5c5ce'::uuid, '["guangzhouzhuqingting","TASK-CALENDAR-2026-05"]'::jsonb) on conflict (id) do update set state = excluded.state, owner_user_id = excluded.owner_user_id, evidence = excluded.evidence, updated_at = now();
insert into workflow_items (id, group_id, subsidiary_id, type, state, title, owner_user_id, evidence) values ('50ae802c-be49-55af-a296-42a453381d53'::uuid, '7cc2801d-485e-520a-8717-5bae10263886'::uuid, '30b2746a-37d7-5aaa-862d-22efef958204'::uuid, 'decision', 'none', '广州竹蜻蜓 decision workflow', '4621c4ba-69bd-5b29-9c40-6ce5f1b5c5ce'::uuid, '["guangzhouzhuqingting","TASK-CALENDAR-2026-05"]'::jsonb) on conflict (id) do update set state = excluded.state, owner_user_id = excluded.owner_user_id, evidence = excluded.evidence, updated_at = now();
insert into workflow_items (id, group_id, subsidiary_id, type, state, title, owner_user_id, evidence) values ('a2fc560b-bdc0-5b5e-9425-c3f1ab0c8817'::uuid, '7cc2801d-485e-520a-8717-5bae10263886'::uuid, '49dc5f41-46c8-53bd-bd6e-52e41d7b64f3'::uuid, 'hev', 'submitted', '风起云涌 hev workflow', '912d4322-e669-5fec-869f-4a4d2a674857'::uuid, '["fengqiyunyong","TASK-CALENDAR-2026-05"]'::jsonb) on conflict (id) do update set state = excluded.state, owner_user_id = excluded.owner_user_id, evidence = excluded.evidence, updated_at = now();
insert into workflow_items (id, group_id, subsidiary_id, type, state, title, owner_user_id, evidence) values ('714a0549-89b4-5a4e-83c1-b2c179cdeb3d'::uuid, '7cc2801d-485e-520a-8717-5bae10263886'::uuid, '49dc5f41-46c8-53bd-bd6e-52e41d7b64f3'::uuid, 'task', 'in_progress', '风起云涌 task workflow', '912d4322-e669-5fec-869f-4a4d2a674857'::uuid, '["fengqiyunyong","TASK-CALENDAR-2026-05"]'::jsonb) on conflict (id) do update set state = excluded.state, owner_user_id = excluded.owner_user_id, evidence = excluded.evidence, updated_at = now();
insert into workflow_items (id, group_id, subsidiary_id, type, state, title, owner_user_id, evidence) values ('b13e8e5d-cbd8-5708-a22a-f89f453a4c3c'::uuid, '7cc2801d-485e-520a-8717-5bae10263886'::uuid, '49dc5f41-46c8-53bd-bd6e-52e41d7b64f3'::uuid, 'risk', 'owner_assigned', '风起云涌 risk workflow', '912d4322-e669-5fec-869f-4a4d2a674857'::uuid, '["fengqiyunyong","TASK-CALENDAR-2026-05"]'::jsonb) on conflict (id) do update set state = excluded.state, owner_user_id = excluded.owner_user_id, evidence = excluded.evidence, updated_at = now();
insert into workflow_items (id, group_id, subsidiary_id, type, state, title, owner_user_id, evidence) values ('b59d32d2-81ba-547c-b21e-6d2bbbb2dff0'::uuid, '7cc2801d-485e-520a-8717-5bae10263886'::uuid, '49dc5f41-46c8-53bd-bd6e-52e41d7b64f3'::uuid, 'decision', 'none', '风起云涌 decision workflow', '912d4322-e669-5fec-869f-4a4d2a674857'::uuid, '["fengqiyunyong","TASK-CALENDAR-2026-05"]'::jsonb) on conflict (id) do update set state = excluded.state, owner_user_id = excluded.owner_user_id, evidence = excluded.evidence, updated_at = now();
insert into workflow_items (id, group_id, subsidiary_id, type, state, title, owner_user_id, evidence) values ('75610083-d5d0-5f3d-b84f-1a37a1b6a2b2'::uuid, '7cc2801d-485e-520a-8717-5bae10263886'::uuid, '7f488e92-0df7-5984-85b4-d384416b1ea1'::uuid, 'hev', 'submitted', '不拘一格 hev workflow', '690ea6ba-2b8a-52f1-8c97-3b9ac4e1c2a4'::uuid, '["bujuyige","TASK-CALENDAR-2026-05"]'::jsonb) on conflict (id) do update set state = excluded.state, owner_user_id = excluded.owner_user_id, evidence = excluded.evidence, updated_at = now();
insert into workflow_items (id, group_id, subsidiary_id, type, state, title, owner_user_id, evidence) values ('06a55ad4-9c7f-54af-9d80-e6ff2be4b813'::uuid, '7cc2801d-485e-520a-8717-5bae10263886'::uuid, '7f488e92-0df7-5984-85b4-d384416b1ea1'::uuid, 'task', 'in_progress', '不拘一格 task workflow', '690ea6ba-2b8a-52f1-8c97-3b9ac4e1c2a4'::uuid, '["bujuyige","TASK-CALENDAR-2026-05"]'::jsonb) on conflict (id) do update set state = excluded.state, owner_user_id = excluded.owner_user_id, evidence = excluded.evidence, updated_at = now();
insert into workflow_items (id, group_id, subsidiary_id, type, state, title, owner_user_id, evidence) values ('aedc36bf-9cf2-5c4f-989f-e9a8c000f121'::uuid, '7cc2801d-485e-520a-8717-5bae10263886'::uuid, '7f488e92-0df7-5984-85b4-d384416b1ea1'::uuid, 'risk', 'owner_assigned', '不拘一格 risk workflow', '690ea6ba-2b8a-52f1-8c97-3b9ac4e1c2a4'::uuid, '["bujuyige","TASK-CALENDAR-2026-05"]'::jsonb) on conflict (id) do update set state = excluded.state, owner_user_id = excluded.owner_user_id, evidence = excluded.evidence, updated_at = now();
insert into workflow_items (id, group_id, subsidiary_id, type, state, title, owner_user_id, evidence) values ('0fad23d2-197c-5b74-a32d-a43827d4a3a7'::uuid, '7cc2801d-485e-520a-8717-5bae10263886'::uuid, '7f488e92-0df7-5984-85b4-d384416b1ea1'::uuid, 'decision', 'none', '不拘一格 decision workflow', '690ea6ba-2b8a-52f1-8c97-3b9ac4e1c2a4'::uuid, '["bujuyige","TASK-CALENDAR-2026-05"]'::jsonb) on conflict (id) do update set state = excluded.state, owner_user_id = excluded.owner_user_id, evidence = excluded.evidence, updated_at = now();

insert into operating_modules (id, group_id, name, owner_user_id, status, summary, open_items) values ('growth', '7cc2801d-485e-520a-8717-5bae10263886'::uuid, '集团增长', '8fb7fafc-c934-521f-a798-122797e29bee'::uuid, 'watch', 'GMV 增长正常，净利和低毛利品牌需纠偏。', 6) on conflict (id) do update set name = excluded.name, owner_user_id = excluded.owner_user_id, status = excluded.status, summary = excluded.summary, open_items = excluded.open_items, updated_at = now();
insert into operating_modules (id, group_id, name, owner_user_id, status, summary, open_items) values ('os', '7cc2801d-485e-520a-8717-5bae10263886'::uuid, '集团 OS 系统搭建', '8fb7fafc-c934-521f-a798-122797e29bee'::uuid, 'active', '目标、数据、流程、预警和审计正在合并到统一系统。', 5) on conflict (id) do update set name = excluded.name, owner_user_id = excluded.owner_user_id, status = excluded.status, summary = excluded.summary, open_items = excluded.open_items, updated_at = now();
insert into operating_modules (id, group_id, name, owner_user_id, status, summary, open_items) values ('subsidiary', '7cc2801d-485e-520a-8717-5bae10263886'::uuid, '子公司监管', '8fb7fafc-c934-521f-a798-122797e29bee'::uuid, 'risk', '逆戟鲸、杭州控驻、空锦界进入重点监督。', 3) on conflict (id) do update set name = excluded.name, owner_user_id = excluded.owner_user_id, status = excluded.status, summary = excluded.summary, open_items = excluded.open_items, updated_at = now();
insert into operating_modules (id, group_id, name, owner_user_id, status, summary, open_items) values ('cost', '7cc2801d-485e-520a-8717-5bae10263886'::uuid, '降本增效', 'ce85da74-3e32-5885-aced-0a9920d4d36d'::uuid, 'watch', '供应链真实成本、物流损耗和人效需要每周复盘。', 4) on conflict (id) do update set name = excluded.name, owner_user_id = excluded.owner_user_id, status = excluded.status, summary = excluded.summary, open_items = excluded.open_items, updated_at = now();
insert into operating_modules (id, group_id, name, owner_user_id, status, summary, open_items) values ('special', '7cc2801d-485e-520a-8717-5bae10263886'::uuid, '专项项目', '8fb7fafc-c934-521f-a798-122797e29bee'::uuid, 'active', '华哥家别墅施工监督按工期、预算、质量、风险拆项。', 2) on conflict (id) do update set name = excluded.name, owner_user_id = excluded.owner_user_id, status = excluded.status, summary = excluded.summary, open_items = excluded.open_items, updated_at = now();

insert into goal_branches (id, group_id, code, name, owner_user_id, status, objectives) values ('growth', '7cc2801d-485e-520a-8717-5bae10263886'::uuid, '01', '集团增长分支', '8fb7fafc-c934-521f-a798-122797e29bee'::uuid, 'active', '[{"code":"01","group":"集团增长分支","title":"品牌增长目标","metric":"3 个子目标 / 9 个动作","owner":"系统","children":["GMV 增长","利润增长","渠道增长"],"actions":[[{"action":"拆品牌月 GMV 目标","owner":"各品牌一级负责人","ownerDetail":"赵宜主：李锦宁；最家西子：负责人待确认；花木轻妍：负责人待确认；控驻：负责人待确认；元气甸甸：梁燕红"},{"action":"拆渠道 GMV 贡献","owner":"货架电商 / BD 负责人","ownerDetail":"货架电商：李锦宁；BD：李冬；直播渠道：无虑传媒负责人待确认"},{"action":"每日回收成交数据","owner":"品牌运营负责人","ownerDetail":"无虑传媒：陈裕豪/刘富铭；谷春雨：黄伟宁/温国森；涌动花鱼：沈启明/秦俏敏"}],[{"action":"拆毛利与净利目标","owner":"品牌负责人 + 财务负责人","ownerDetail":"赵宜主：李锦宁；最家西子：负责人待确认；花木轻妍：负责人待确认；控驻：负责人待确认；元气甸甸：梁燕红；财务：余婷 / 王畅 / 温昌凤 / 戴慧敏"},{"action":"核算投放 ROI","owner":"品牌运营负责人","ownerDetail":"无虑传媒：陈裕豪/刘富铭；谷春雨：黄伟宁/温国森；涌动花鱼：沈启明/秦俏敏"},{"action":"输出低利润纠偏动作","owner":"李锦宁统筹","ownerDetail":"李锦宁"}],[{"action":"拆抖音/货架/BD 渠道","owner":"渠道负责人","ownerDetail":"货架电商：李锦宁；BD：李冬；直播渠道：无虑传媒负责人待确认"},{"action":"确认达人与投放节奏","owner":"品牌运营负责人","ownerDetail":"无虑传媒：陈裕豪/刘富铭；谷春雨：黄伟宁/温国森；涌动花鱼：沈启明/秦俏敏"},{"action":"每周复盘渠道增长","owner":"李锦宁统筹","ownerDetail":"李锦宁"}]]},{"code":"02","group":"集团增长分支","title":"产品与客户体验目标","metric":"3 个子目标 / 9 个动作","owner":"系统","children":["产品结构","客户体验","复购口碑"],"actions":[[{"action":"梳理爆品/利润款/引流款","owner":"品牌运营负责人","ownerDetail":"无虑传媒：陈裕豪/刘富铭；谷春雨：黄伟宁/温国森；涌动花鱼：沈启明/秦俏敏"},{"action":"建立 SKU 分层表","owner":"供应链中心","ownerDetail":"供应链：李磊磊 / 梁燕红 / 蔡秀玲"},{"action":"淘汰低效 SKU","owner":"品牌负责人 + 财务负责人","ownerDetail":"赵宜主：李锦宁；最家西子：负责人待确认；花木轻妍：负责人待确认；控驻：负责人待确认；元气甸甸：梁燕红；财务：余婷 / 王畅 / 温昌凤 / 戴慧敏"}],[{"action":"整理售前售后问题","owner":"品牌运营负责人","ownerDetail":"无虑传媒：陈裕豪/刘富铭；谷春雨：黄伟宁/温国森；涌动花鱼：沈启明/秦俏敏"},{"action":"建立客服问题分类","owner":"各模块负责人","ownerDetail":"品牌：赵宜主：李锦宁；最家西子：负责人待确认；花木轻妍：负责人待确认；控驻：负责人待确认；元气甸甸：梁燕红；人事：人事行政：陈思尧；财务：财务：余婷 / 王畅 / 温昌凤 / 戴慧敏；供应链：供应链：李磊磊 / 梁燕红 / 蔡秀玲；法务：法务：王诗雅"},{"action":"输出体验改进清单","owner":"李锦宁统筹","ownerDetail":"李锦宁"}],[{"action":"拆复购率目标","owner":"品牌运营负责人","ownerDetail":"无虑传媒：陈裕豪/刘富铭；谷春雨：黄伟宁/温国森；涌动花鱼：沈启明/秦俏敏"},{"action":"收集差评与退款原因","owner":"各公司一级对接人","ownerDetail":"赵宜主：李锦宁；最家西子：负责人待确认；花木轻妍：负责人待确认；控驻：负责人待确认；元气甸甸：梁燕红；货架电商：李锦宁；BD：李冬；直播渠道：无虑传媒负责人待确认；人事行政：陈思尧；财务：余婷 / 王畅 / 温昌凤 / 戴慧敏；法务：王诗雅"},{"action":"制定复购与口碑动作","owner":"品牌运营负责人","ownerDetail":"无虑传媒：陈裕豪/刘富铭；谷春雨：黄伟宁/温国森；涌动花鱼：沈启明/秦俏敏"}]]}]'::jsonb) on conflict (id) do update set code = excluded.code, name = excluded.name, owner_user_id = excluded.owner_user_id, status = excluded.status, objectives = excluded.objectives, updated_at = now();
insert into goal_branches (id, group_id, code, name, owner_user_id, status, objectives) values ('os', '7cc2801d-485e-520a-8717-5bae10263886'::uuid, '02', '集团 OS 分支', '8fb7fafc-c934-521f-a798-122797e29bee'::uuid, 'active', '[{"code":"05","group":"集团 OS 分支","title":"集团 OS 目标","metric":"3 个子目标 / 9 个动作","owner":"系统","children":["数据入口","流程看板","权限体系"],"actions":[[{"action":"确定数据入口清单","owner":"技术/MCN 负责人","ownerDetail":"AI/技术/MCN：负责人待确认"},{"action":"统一品牌数据口径","owner":"品牌负责人 + 财务负责人","ownerDetail":"赵宜主：李锦宁；最家西子：负责人待确认；花木轻妍：负责人待确认；控驻：负责人待确认；元气甸甸：梁燕红；财务：余婷 / 王畅 / 温昌凤 / 戴慧敏"},{"action":"建立每日数据回收","owner":"李锦宁统筹","ownerDetail":"李锦宁"}],[{"action":"搭建经营看板","owner":"技术/MCN 负责人","ownerDetail":"AI/技术/MCN：负责人待确认"},{"action":"搭建风险预警看板","owner":"技术/MCN 负责人","ownerDetail":"AI/技术/MCN：负责人待确认"},{"action":"搭建决策包输出页","owner":"李锦宁统筹","ownerDetail":"李锦宁"}],[{"action":"设计华哥/总助/负责人权限","owner":"技术/MCN 负责人","ownerDetail":"AI/技术/MCN：负责人待确认"},{"action":"区分查看与编辑权限","owner":"李锦宁统筹","ownerDetail":"李锦宁"},{"action":"沉淀集团 OS 规则","owner":"李锦宁统筹","ownerDetail":"李锦宁"}]]},{"code":"06","group":"集团 OS 分支","title":"数据资产目标","metric":"3 个子目标 / 9 个动作","owner":"系统","children":["指标字典","数据质量","数据留痕"],"actions":[[{"action":"定义 GMV/利润/成本口径","owner":"财务负责人","ownerDetail":"财务：余婷 / 王畅 / 温昌凤 / 戴慧敏"},{"action":"建立指标字典","owner":"技术/MCN 负责人","ownerDetail":"AI/技术/MCN：负责人待确认"},{"action":"统一各公司填报模板","owner":"李锦宁统筹","ownerDetail":"李锦宁"}],[{"action":"设置数据校验规则","owner":"技术/MCN 负责人","ownerDetail":"AI/技术/MCN：负责人待确认"},{"action":"每天检查异常数据","owner":"各公司一级对接人","ownerDetail":"赵宜主：李锦宁；最家西子：负责人待确认；花木轻妍：负责人待确认；控驻：负责人待确认；元气甸甸：梁燕红；货架电商：李锦宁；BD：李冬；直播渠道：无虑传媒负责人待确认；人事行政：陈思尧；财务：余婷 / 王畅 / 温昌凤 / 戴慧敏；法务：王诗雅"},{"action":"追责漏报错报","owner":"李锦宁统筹","ownerDetail":"李锦宁"}],[{"action":"保留数据修改记录","owner":"技术/MCN 负责人","ownerDetail":"AI/技术/MCN：负责人待确认"},{"action":"沉淀决策依据附件","owner":"各模块负责人","ownerDetail":"品牌：赵宜主：李锦宁；最家西子：负责人待确认；花木轻妍：负责人待确认；控驻：负责人待确认；元气甸甸：梁燕红；人事：人事行政：陈思尧；财务：财务：余婷 / 王畅 / 温昌凤 / 戴慧敏；供应链：供应链：李磊磊 / 梁燕红 / 蔡秀玲；法务：法务：王诗雅"},{"action":"形成可追溯经营档案","owner":"李锦宁统筹","ownerDetail":"李锦宁"}]]},{"code":"07","group":"集团 OS 分支","title":"AI 透明工厂","metric":"3 个子目标 / 9 个动作","owner":"系统","children":["AI 工作流","透明数据","自动化生产"],"actions":[[{"action":"梳理可 AI 化流程","owner":"技术/MCN 负责人","ownerDetail":"AI/技术/MCN：负责人待确认"},{"action":"接入内容/广告/数据流程","owner":"AI/技术/MCN 负责人","ownerDetail":"AI/技术/MCN：负责人待确认"},{"action":"输出 AI 工作流清单","owner":"李锦宁统筹","ownerDetail":"李锦宁"}],[{"action":"公开经营关键数据","owner":"各模块负责人","ownerDetail":"品牌：赵宜主：李锦宁；最家西子：负责人待确认；花木轻妍：负责人待确认；控驻：负责人待确认；元气甸甸：梁燕红；人事：人事行政：陈思尧；财务：财务：余婷 / 王畅 / 温昌凤 / 戴慧敏；供应链：供应链：李磊磊 / 梁燕红 / 蔡秀玲；法务：法务：王诗雅"},{"action":"建立异常自动提醒","owner":"技术/MCN 负责人","ownerDetail":"AI/技术/MCN：负责人待确认"},{"action":"形成透明工厂日报","owner":"李锦宁统筹","ownerDetail":"李锦宁"}],[{"action":"识别可自动化生产环节","owner":"技术/MCN 负责人","ownerDetail":"AI/技术/MCN：负责人待确认"},{"action":"拆自动化上线节点","owner":"AI/技术负责人","ownerDetail":"AI/技术/MCN：负责人待确认"},{"action":"复盘节省人力成本","owner":"财务负责人","ownerDetail":"财务：余婷 / 王畅 / 温昌凤 / 戴慧敏"}]]}]'::jsonb) on conflict (id) do update set code = excluded.code, name = excluded.name, owner_user_id = excluded.owner_user_id, status = excluded.status, objectives = excluded.objectives, updated_at = now();
insert into goal_branches (id, group_id, code, name, owner_user_id, status, objectives) values ('subsidiary', '7cc2801d-485e-520a-8717-5bae10263886'::uuid, '03', '子公司监管分支', '8fb7fafc-c934-521f-a798-122797e29bee'::uuid, 'risk', '[{"code":"10","group":"子公司监管分支","title":"法务合同目标","metric":"3 个子目标 / 9 个动作","owner":"系统","children":["合同台账","风险条款","证据留存"],"actions":[[{"action":"汇总所有合同台账","owner":"集团财务中心","ownerDetail":"财务：余婷 / 王畅 / 温昌凤 / 戴慧敏；法务：王诗雅"},{"action":"标记合同主体与期限","owner":"各公司负责人","ownerDetail":"赵宜主：李锦宁；最家西子：负责人待确认；花木轻妍：负责人待确认；控驻：负责人待确认；元气甸甸：梁燕红；货架电商：李锦宁；BD：李冬；直播渠道：无虑传媒负责人待确认"},{"action":"补齐缺失合同","owner":"风险责任人","ownerDetail":"李锦宁统筹，预警事项对应模块负责人承接"}],[{"action":"检查付款/违约/税务条款","owner":"集团财务中心","ownerDetail":"财务：余婷 / 王畅 / 温昌凤 / 戴慧敏；法务：王诗雅"},{"action":"标记高风险条款","owner":"风险责任人","ownerDetail":"李锦宁统筹，预警事项对应模块负责人承接"},{"action":"重大合同上报决策","owner":"李锦宁统筹","ownerDetail":"李锦宁"}],[{"action":"归档聊天/订单/付款证据","owner":"各公司一级对接人","ownerDetail":"赵宜主：李锦宁；最家西子：负责人待确认；花木轻妍：负责人待确认；控驻：负责人待确认；元气甸甸：梁燕红；货架电商：李锦宁；BD：李冬；直播渠道：无虑传媒负责人待确认；人事行政：陈思尧；财务：余婷 / 王畅 / 温昌凤 / 戴慧敏；法务：王诗雅"},{"action":"建立证据留存规则","owner":"集团财务中心","ownerDetail":"财务：余婷 / 王畅 / 温昌凤 / 戴慧敏；法务：王诗雅"},{"action":"形成纠纷应对包","owner":"风险责任人","ownerDetail":"李锦宁统筹，预警事项对应模块负责人承接"}]]},{"code":"12","group":"子公司监管分支","title":"子公司监管目标","metric":"3 个子目标 / 9 个动作","owner":"系统","children":["经营日报","异常预警","问责机制"],"actions":[[{"action":"建立子公司经营日报","owner":"各公司一级对接人","ownerDetail":"赵宜主：李锦宁；最家西子：负责人待确认；花木轻妍：负责人待确认；控驻：负责人待确认；元气甸甸：梁燕红；货架电商：李锦宁；BD：李冬；直播渠道：无虑传媒负责人待确认；人事行政：陈思尧；财务：余婷 / 王畅 / 温昌凤 / 戴慧敏；法务：王诗雅"},{"action":"回收 GMV/利润/现金流","owner":"财务负责人","ownerDetail":"财务：余婷 / 王畅 / 温昌凤 / 戴慧敏"},{"action":"总助汇总给华哥","owner":"李锦宁统筹","ownerDetail":"李锦宁"}],[{"action":"设置异常阈值","owner":"李锦宁统筹","ownerDetail":"李锦宁"},{"action":"标记成本/税务/人效异常","owner":"各模块负责人","ownerDetail":"品牌：赵宜主：李锦宁；最家西子：负责人待确认；花木轻妍：负责人待确认；控驻：负责人待确认；元气甸甸：梁燕红；人事：人事行政：陈思尧；财务：财务：余婷 / 王畅 / 温昌凤 / 戴慧敏；供应链：供应链：李磊磊 / 梁燕红 / 蔡秀玲；法务：法务：王诗雅"},{"action":"输出风险预警清单","owner":"风险责任人","ownerDetail":"李锦宁统筹，预警事项对应模块负责人承接"}],[{"action":"明确问责规则","owner":"李锦宁统筹","ownerDetail":"李锦宁"},{"action":"绑定负责人结果","owner":"各公司负责人","ownerDetail":"赵宜主：李锦宁；最家西子：负责人待确认；花木轻妍：负责人待确认；控驻：负责人待确认；元气甸甸：梁燕红；货架电商：李锦宁；BD：李冬；直播渠道：无虑传媒负责人待确认"},{"action":"周会追责闭环","owner":"李锦宁统筹","ownerDetail":"李锦宁"}]]},{"code":"13","group":"子公司监管分支","title":"决策闭环目标","metric":"3 个子目标 / 9 个动作","owner":"系统","children":["议题收口","决策包标准","闭环复盘"],"actions":[[{"action":"统一收集团队议题","owner":"李锦宁统筹","ownerDetail":"李锦宁"},{"action":"区分执行/风险/资源议题","owner":"各模块负责人","ownerDetail":"品牌：赵宜主：李锦宁；最家西子：负责人待确认；花木轻妍：负责人待确认；控驻：负责人待确认；元气甸甸：梁燕红；人事：人事行政：陈思尧；财务：财务：余婷 / 王畅 / 温昌凤 / 戴慧敏；供应链：供应链：李磊磊 / 梁燕红 / 蔡秀玲；法务：法务：王诗雅"},{"action":"筛出需华哥拍板事项","owner":"风险责任人","ownerDetail":"李锦宁统筹，预警事项对应模块负责人承接"}],[{"action":"统一决策包模板","owner":"李锦宁统筹","ownerDetail":"李锦宁"},{"action":"补齐背景/测算/选项/风险","owner":"各模块负责人","ownerDetail":"品牌：赵宜主：李锦宁；最家西子：负责人待确认；花木轻妍：负责人待确认；控驻：负责人待确认；元气甸甸：梁燕红；人事：人事行政：陈思尧；财务：财务：余婷 / 王畅 / 温昌凤 / 戴慧敏；供应链：供应链：李磊磊 / 梁燕红 / 蔡秀玲；法务：法务：王诗雅"},{"action":"重大事项会前预审","owner":"集团财务中心","ownerDetail":"财务：余婷 / 王畅 / 温昌凤 / 戴慧敏；法务：王诗雅"}],[{"action":"记录华哥最终意见","owner":"李锦宁统筹","ownerDetail":"李锦宁"},{"action":"拆成责任人与截止日","owner":"各公司一级对接人","ownerDetail":"赵宜主：李锦宁；最家西子：负责人待确认；花木轻妍：负责人待确认；控驻：负责人待确认；元气甸甸：梁燕红；货架电商：李锦宁；BD：李冬；直播渠道：无虑传媒负责人待确认；人事行政：陈思尧；财务：余婷 / 王畅 / 温昌凤 / 戴慧敏；法务：王诗雅"},{"action":"周会检查闭环结果","owner":"李锦宁统筹","ownerDetail":"李锦宁"}]]}]'::jsonb) on conflict (id) do update set code = excluded.code, name = excluded.name, owner_user_id = excluded.owner_user_id, status = excluded.status, objectives = excluded.objectives, updated_at = now();
insert into goal_branches (id, group_id, code, name, owner_user_id, status, objectives) values ('cost', '7cc2801d-485e-520a-8717-5bae10263886'::uuid, '04', '降本增效分支', 'ce85da74-3e32-5885-aced-0a9920d4d36d'::uuid, 'watch', '[{"code":"03","group":"降本增效分支","title":"组织人效目标","metric":"3 个子目标 / 9 个动作","owner":"系统","children":["人工降 30%","岗位盘点","绩效重估"],"actions":[[{"action":"盘点现有人力成本","owner":"人事行政负责人","ownerDetail":"人事行政：陈思尧"},{"action":"测算降 30% 后编制","owner":"人事行政 + 财务负责人","ownerDetail":"人事行政：陈思尧；财务：余婷 / 王畅 / 温昌凤 / 戴慧敏"},{"action":"形成裁撤/合并建议","owner":"李锦宁统筹","ownerDetail":"李锦宁"}],[{"action":"列岗位价值清单","owner":"人事行政负责人","ownerDetail":"人事行政：陈思尧"},{"action":"标记重复与低效岗位","owner":"各公司负责人","ownerDetail":"赵宜主：李锦宁；最家西子：负责人待确认；花木轻妍：负责人待确认；控驻：负责人待确认；元气甸甸：梁燕红；货架电商：李锦宁；BD：李冬；直播渠道：无虑传媒负责人待确认"},{"action":"确认保留/替换/外包","owner":"李锦宁统筹","ownerDetail":"李锦宁"}],[{"action":"重做绩效指标","owner":"人事行政负责人","ownerDetail":"人事行政：陈思尧"},{"action":"绑定经营结果","owner":"各模块负责人","ownerDetail":"品牌：赵宜主：李锦宁；最家西子：负责人待确认；花木轻妍：负责人待确认；控驻：负责人待确认；元气甸甸：梁燕红；人事：人事行政：陈思尧；财务：财务：余婷 / 王畅 / 温昌凤 / 戴慧敏；供应链：供应链：李磊磊 / 梁燕红 / 蔡秀玲；法务：法务：王诗雅"},{"action":"周度考核与问责","owner":"李锦宁统筹","ownerDetail":"李锦宁"}]]},{"code":"04","group":"降本增效分支","title":"人才梯队目标","metric":"3 个子目标 / 9 个动作","owner":"系统","children":["负责人梯队","关键岗位备份","培训复制"],"actions":[[{"action":"明确每个模块第一负责人","owner":"李锦宁统筹","ownerDetail":"李锦宁"},{"action":"标记可培养二号位","owner":"人事行政负责人","ownerDetail":"人事行政：陈思尧"},{"action":"建立负责人考核表","owner":"人事行政 + 财务负责人","ownerDetail":"人事行政：陈思尧；财务：余婷 / 王畅 / 温昌凤 / 戴慧敏"}],[{"action":"列关键岗位不可断点清单","owner":"人事行政负责人","ownerDetail":"人事行政：陈思尧"},{"action":"每岗设置备份人","owner":"各模块负责人","ownerDetail":"品牌：赵宜主：李锦宁；最家西子：负责人待确认；花木轻妍：负责人待确认；控驻：负责人待确认；元气甸甸：梁燕红；人事：人事行政：陈思尧；财务：财务：余婷 / 王畅 / 温昌凤 / 戴慧敏；供应链：供应链：李磊磊 / 梁燕红 / 蔡秀玲；法务：法务：王诗雅"},{"action":"交接资料归档","owner":"李锦宁统筹","ownerDetail":"李锦宁"}],[{"action":"沉淀岗位 SOP","owner":"各模块负责人","ownerDetail":"品牌：赵宜主：李锦宁；最家西子：负责人待确认；花木轻妍：负责人待确认；控驻：负责人待确认；元气甸甸：梁燕红；人事：人事行政：陈思尧；财务：财务：余婷 / 王畅 / 温昌凤 / 戴慧敏；供应链：供应链：李磊磊 / 梁燕红 / 蔡秀玲；法务：法务：王诗雅"},{"action":"安排月度训练","owner":"人事行政负责人","ownerDetail":"人事行政：陈思尧"},{"action":"用结果检验复制效果","owner":"李锦宁统筹","ownerDetail":"李锦宁"}]]},{"code":"08","group":"降本增效分支","title":"财税合规目标","metric":"3 个子目标 / 9 个动作","owner":"系统","children":["少交税合规","发票流","资金合同流"],"actions":[[{"action":"设计合规节税方案","owner":"集团财务中心","ownerDetail":"财务：余婷 / 王畅 / 温昌凤 / 戴慧敏；法务：王诗雅"},{"action":"测算税负优化空间","owner":"财务负责人","ownerDetail":"财务：余婷 / 王畅 / 温昌凤 / 戴慧敏"},{"action":"形成华哥决策包","owner":"李锦宁统筹","ownerDetail":"李锦宁"}],[{"action":"检查发票开具路径","owner":"财务负责人","ownerDetail":"财务：余婷 / 王畅 / 温昌凤 / 戴慧敏"},{"action":"核对进销项抵扣","owner":"集团财务中心","ownerDetail":"财务：余婷 / 王畅 / 温昌凤 / 戴慧敏；法务：王诗雅"},{"action":"标记异常发票风险","owner":"财务负责人","ownerDetail":"财务：余婷 / 王畅 / 温昌凤 / 戴慧敏"}],[{"action":"核对资金流","owner":"财务负责人","ownerDetail":"财务：余婷 / 王畅 / 温昌凤 / 戴慧敏"},{"action":"核对合同流","owner":"各公司负责人","ownerDetail":"赵宜主：李锦宁；最家西子：负责人待确认；花木轻妍：负责人待确认；控驻：负责人待确认；元气甸甸：梁燕红；货架电商：李锦宁；BD：李冬；直播渠道：无虑传媒负责人待确认"},{"action":"做到三流一致","owner":"集团财务中心","ownerDetail":"财务：余婷 / 王畅 / 温昌凤 / 戴慧敏；法务：王诗雅"}]]},{"code":"09","group":"降本增效分支","title":"现金流与预算目标","metric":"3 个子目标 / 9 个动作","owner":"系统","children":["现金流预测","预算审批","费用预警"],"actions":[[{"action":"做 13 周现金流预测","owner":"财务负责人","ownerDetail":"财务：余婷 / 王畅 / 温昌凤 / 戴慧敏"},{"action":"标记资金缺口日期","owner":"集团财务中心","ownerDetail":"财务：余婷 / 王畅 / 温昌凤 / 戴慧敏；法务：王诗雅"},{"action":"提前提交资金方案","owner":"李锦宁统筹","ownerDetail":"李锦宁"}],[{"action":"建立预算申请口径","owner":"财务负责人","ownerDetail":"财务：余婷 / 王畅 / 温昌凤 / 戴慧敏"},{"action":"区分必要/可延后/禁止费用","owner":"李锦宁统筹","ownerDetail":"李锦宁"},{"action":"重大预算形成决策包","owner":"集团财务中心","ownerDetail":"财务：余婷 / 王畅 / 温昌凤 / 戴慧敏；法务：王诗雅"}],[{"action":"设置费用超支阈值","owner":"财务负责人","ownerDetail":"财务：余婷 / 王畅 / 温昌凤 / 戴慧敏"},{"action":"周度推送费用预警","owner":"集团财务中心","ownerDetail":"财务：余婷 / 王畅 / 温昌凤 / 戴慧敏；法务：王诗雅"},{"action":"要求负责人给纠偏动作","owner":"李锦宁统筹","ownerDetail":"李锦宁"}]]},{"code":"11","group":"降本增效分支","title":"供应链降本目标","metric":"3 个子目标 / 9 个动作","owner":"系统","children":["产品成本","物流成本","库存损耗"],"actions":[[{"action":"拆 SKU 产品成本","owner":"供应链中心","ownerDetail":"供应链：李磊磊 / 梁燕红 / 蔡秀玲"},{"action":"比价供应商方案","owner":"供应链接口","ownerDetail":"供应链：李磊磊 / 梁燕红 / 蔡秀玲"},{"action":"输出降本清单","owner":"李锦宁统筹","ownerDetail":"李锦宁"}],[{"action":"拆仓储物流成本","owner":"供应链中心","ownerDetail":"供应链：李磊磊 / 梁燕红 / 蔡秀玲"},{"action":"优化发货路径","owner":"供应链接口","ownerDetail":"供应链：李磊磊 / 梁燕红 / 蔡秀玲"},{"action":"周度复盘物流成本","owner":"供应链负责人","ownerDetail":"供应链：李磊磊 / 梁燕红 / 蔡秀玲"}],[{"action":"盘点库存周转","owner":"供应链中心","ownerDetail":"供应链：李磊磊 / 梁燕红 / 蔡秀玲"},{"action":"标记滞销与损耗","owner":"品牌负责人 + 供应链","ownerDetail":"赵宜主：李锦宁；最家西子：负责人待确认；花木轻妍：负责人待确认；控驻：负责人待确认；元气甸甸：梁燕红；供应链：李磊磊 / 梁燕红 / 蔡秀玲"},{"action":"制定清库存动作","owner":"品牌运营负责人","ownerDetail":"无虑传媒：陈裕豪/刘富铭；谷春雨：黄伟宁/温国森；涌动花鱼：沈启明/秦俏敏"}]]}]'::jsonb) on conflict (id) do update set code = excluded.code, name = excluded.name, owner_user_id = excluded.owner_user_id, status = excluded.status, objectives = excluded.objectives, updated_at = now();
insert into goal_branches (id, group_id, code, name, owner_user_id, status, objectives) values ('special', '7cc2801d-485e-520a-8717-5bae10263886'::uuid, '05', '专项项目分支', '8fb7fafc-c934-521f-a798-122797e29bee'::uuid, 'active', '[{"code":"14","group":"专项项目分支","title":"别墅项目目标","metric":"3 个子目标 / 9 个动作","owner":"系统","children":["完工时间","预算控制","节点验收"],"actions":[[{"action":"确认最终完工日期","owner":"别墅项目负责人","ownerDetail":"别墅项目：项目负责人待确认；施工负责人待确认"},{"action":"拆施工周节点","owner":"施工负责人","ownerDetail":"别墅项目：项目负责人待确认；施工负责人待确认"},{"action":"延期风险提前上报","owner":"李锦宁统筹","ownerDetail":"李锦宁"}],[{"action":"复核预算总额","owner":"财务负责人","ownerDetail":"财务：余婷 / 王畅 / 温昌凤 / 戴慧敏"},{"action":"跟踪增项费用","owner":"别墅项目负责人","ownerDetail":"别墅项目：项目负责人待确认；施工负责人待确认"},{"action":"形成预算预警","owner":"李锦宁统筹","ownerDetail":"李锦宁"}],[{"action":"列验收标准","owner":"施工负责人","ownerDetail":"别墅项目：项目负责人待确认；施工负责人待确认"},{"action":"节点拍照留档","owner":"别墅项目负责人","ownerDetail":"别墅项目：项目负责人待确认；施工负责人待确认"},{"action":"质量问题闭环","owner":"李锦宁统筹","ownerDetail":"李锦宁"}]]}]'::jsonb) on conflict (id) do update set code = excluded.code, name = excluded.name, owner_user_id = excluded.owner_user_id, status = excluded.status, objectives = excluded.objectives, updated_at = now();

insert into module_contacts (id, group_id, module, company, contact_user_id, contact_name, reports_to_user_id, status, remark) values ('4880ef11-5c24-5609-a80a-8f464d7fa099'::uuid, '7cc2801d-485e-520a-8717-5bae10263886'::uuid, '品牌经营', '赵宜主', null, '待确认', '8fb7fafc-c934-521f-a798-122797e29bee'::uuid, '正常', '全渠道运营销售') on conflict (id) do update set contact_name = excluded.contact_name, status = excluded.status, remark = excluded.remark, updated_at = now();
insert into module_contacts (id, group_id, module, company, contact_user_id, contact_name, reports_to_user_id, status, remark) values ('ef7e8162-d26f-5af0-a449-43aa9d1e2365'::uuid, '7cc2801d-485e-520a-8717-5bae10263886'::uuid, '品牌经营', '最家西子', null, '珠海无虑传媒负责人', '8fb7fafc-c934-521f-a798-122797e29bee'::uuid, '正常', '抖音自营运营') on conflict (id) do update set contact_name = excluded.contact_name, status = excluded.status, remark = excluded.remark, updated_at = now();
insert into module_contacts (id, group_id, module, company, contact_user_id, contact_name, reports_to_user_id, status, remark) values ('ef5e2d00-1a36-5e6c-8f81-351b69c78845'::uuid, '7cc2801d-485e-520a-8717-5bae10263886'::uuid, '品牌经营', '花木轻妍', null, '珠海谷春雨负责人', '8fb7fafc-c934-521f-a798-122797e29bee'::uuid, '预警', '新品节奏与达人投放') on conflict (id) do update set contact_name = excluded.contact_name, status = excluded.status, remark = excluded.remark, updated_at = now();
insert into module_contacts (id, group_id, module, company, contact_user_id, contact_name, reports_to_user_id, status, remark) values ('65858e35-2117-50be-878f-d77dc89d0c80'::uuid, '7cc2801d-485e-520a-8717-5bae10263886'::uuid, '品牌经营', '控驻', null, '杭州涌动花鱼负责人', '8fb7fafc-c934-521f-a798-122797e29bee'::uuid, '预警', '库存周转与毛利压力') on conflict (id) do update set contact_name = excluded.contact_name, status = excluded.status, remark = excluded.remark, updated_at = now();
insert into module_contacts (id, group_id, module, company, contact_user_id, contact_name, reports_to_user_id, status, remark) values ('8f65a182-2a57-52d6-8527-126d34c1459c'::uuid, '7cc2801d-485e-520a-8717-5bae10263886'::uuid, '品牌经营', '元气甸甸', null, '珠海元气甸甸负责人', '8fb7fafc-c934-521f-a798-122797e29bee'::uuid, '正常', '饮品渠道与复购') on conflict (id) do update set contact_name = excluded.contact_name, status = excluded.status, remark = excluded.remark, updated_at = now();
insert into module_contacts (id, group_id, module, company, contact_user_id, contact_name, reports_to_user_id, status, remark) values ('3398d70c-8feb-5cb5-9097-53070c2002ab'::uuid, '7cc2801d-485e-520a-8717-5bae10263886'::uuid, '货架电商', '珠海空锦界', null, '空锦界运营负责人', '8fb7fafc-c934-521f-a798-122797e29bee'::uuid, '正常', '赵宜主货架代运营') on conflict (id) do update set contact_name = excluded.contact_name, status = excluded.status, remark = excluded.remark, updated_at = now();
insert into module_contacts (id, group_id, module, company, contact_user_id, contact_name, reports_to_user_id, status, remark) values ('457b2985-b3a2-5501-82d5-021b735f979a'::uuid, '7cc2801d-485e-520a-8717-5bae10263886'::uuid, 'BD拓展', '珠海逆戟鲸', null, '李冬或指定负责人', '8fb7fafc-c934-521f-a798-122797e29bee'::uuid, '正常', '全品牌BD业务拓展') on conflict (id) do update set contact_name = excluded.contact_name, status = excluded.status, remark = excluded.remark, updated_at = now();
insert into module_contacts (id, group_id, module, company, contact_user_id, contact_name, reports_to_user_id, status, remark) values ('7259acfa-422a-5c4b-99e1-61fef932f6fb'::uuid, '7cc2801d-485e-520a-8717-5bae10263886'::uuid, 'BD拓展', '深圳赫拉文化', null, '深圳团队负责人', '8fb7fafc-c934-521f-a798-122797e29bee'::uuid, '正常', '全品牌BD协同') on conflict (id) do update set contact_name = excluded.contact_name, status = excluded.status, remark = excluded.remark, updated_at = now();
insert into module_contacts (id, group_id, module, company, contact_user_id, contact_name, reports_to_user_id, status, remark) values ('7b578cb1-8be7-517b-ad6a-8b14d0a0767c'::uuid, '7cc2801d-485e-520a-8717-5bae10263886'::uuid, 'AI/技术/MCN', '广州竹蜻蜓', null, '技术/MCN负责人', '8fb7fafc-c934-521f-a798-122797e29bee'::uuid, '正常', 'AI漫剧、广告、技术开发、跨境') on conflict (id) do update set contact_name = excluded.contact_name, status = excluded.status, remark = excluded.remark, updated_at = now();
insert into module_contacts (id, group_id, module, company, contact_user_id, contact_name, reports_to_user_id, status, remark) values ('4d5b7767-2f23-5048-aede-78c350cd54cf'::uuid, '7cc2801d-485e-520a-8717-5bae10263886'::uuid, '财税合规', '集团财务中心', 'ce85da74-3e32-5885-aced-0a9920d4d36d'::uuid, '财务负责人', '8fb7fafc-c934-521f-a798-122797e29bee'::uuid, '正常', '开票流、税负、返税、现金流') on conflict (id) do update set contact_name = excluded.contact_name, status = excluded.status, remark = excluded.remark, updated_at = now();
insert into module_contacts (id, group_id, module, company, contact_user_id, contact_name, reports_to_user_id, status, remark) values ('58738ee3-a64d-57eb-a254-3f9b356e339f'::uuid, '7cc2801d-485e-520a-8717-5bae10263886'::uuid, '供应链', '供应链中心', null, '各品牌供应链接口', '8fb7fafc-c934-521f-a798-122797e29bee'::uuid, '正常', '产品成本、物流、损耗') on conflict (id) do update set contact_name = excluded.contact_name, status = excluded.status, remark = excluded.remark, updated_at = now();
insert into module_contacts (id, group_id, module, company, contact_user_id, contact_name, reports_to_user_id, status, remark) values ('038d6251-f2e7-54bd-bfea-9184b5d9a7f8'::uuid, '7cc2801d-485e-520a-8717-5bae10263886'::uuid, '组织协同', '人事行政中心', null, '人事行政负责人', '8fb7fafc-c934-521f-a798-122797e29bee'::uuid, '正常', '组织、绩效、编制') on conflict (id) do update set contact_name = excluded.contact_name, status = excluded.status, remark = excluded.remark, updated_at = now();

insert into module_responsibilities (id, group_id, module, owner_person_id, accountable_person_id, scope) values ('2f2d5dcd-4e62-54e4-8463-8af71ff6b69e'::uuid, '7cc2801d-485e-520a-8717-5bae10263886'::uuid, '集团增长', 'e178d8c6-8c41-5a3f-85b5-3c7ee8c578c5'::uuid, 'b1bb7f56-eed0-533a-96df-86cadfe428f0'::uuid, 'GMV、利润、现金流目标拆解') on conflict (id) do update set owner_person_id = excluded.owner_person_id, accountable_person_id = excluded.accountable_person_id, scope = excluded.scope, updated_at = now();
insert into module_responsibilities (id, group_id, module, owner_person_id, accountable_person_id, scope) values ('25c0fb03-e90e-555b-95ff-8e39cde9710d'::uuid, '7cc2801d-485e-520a-8717-5bae10263886'::uuid, '集团 OS 系统搭建', 'e178d8c6-8c41-5a3f-85b5-3c7ee8c578c5'::uuid, 'b1bb7f56-eed0-533a-96df-86cadfe428f0'::uuid, '目标、数据、流程、预警、审计系统化') on conflict (id) do update set owner_person_id = excluded.owner_person_id, accountable_person_id = excluded.accountable_person_id, scope = excluded.scope, updated_at = now();
insert into module_responsibilities (id, group_id, module, owner_person_id, accountable_person_id, scope) values ('f8337398-f5ab-50e0-9a14-ee8c55b8c87f'::uuid, '7cc2801d-485e-520a-8717-5bae10263886'::uuid, '子公司监管', 'e178d8c6-8c41-5a3f-85b5-3c7ee8c578c5'::uuid, 'b1bb7f56-eed0-533a-96df-86cadfe428f0'::uuid, '子公司经营、财务、人效、风险监督') on conflict (id) do update set owner_person_id = excluded.owner_person_id, accountable_person_id = excluded.accountable_person_id, scope = excluded.scope, updated_at = now();
insert into module_responsibilities (id, group_id, module, owner_person_id, accountable_person_id, scope) values ('0c84c657-9d7d-5dd3-a42c-9cebac8ff1e0'::uuid, '7cc2801d-485e-520a-8717-5bae10263886'::uuid, '财税合规', 'd5a6f2ae-c7e7-5640-8c61-6c0005a69125'::uuid, 'e178d8c6-8c41-5a3f-85b5-3c7ee8c578c5'::uuid, '发票流、合同流、资金流、税负合规') on conflict (id) do update set owner_person_id = excluded.owner_person_id, accountable_person_id = excluded.accountable_person_id, scope = excluded.scope, updated_at = now();
insert into module_responsibilities (id, group_id, module, owner_person_id, accountable_person_id, scope) values ('a4400b14-0300-5f2e-9cfd-fde6b3575269'::uuid, '7cc2801d-485e-520a-8717-5bae10263886'::uuid, '供应链', '6dc8909e-0178-5adb-9dcc-9a1984d63df8'::uuid, 'e178d8c6-8c41-5a3f-85b5-3c7ee8c578c5'::uuid, '产品成本、物流、损耗、补资料任务') on conflict (id) do update set owner_person_id = excluded.owner_person_id, accountable_person_id = excluded.accountable_person_id, scope = excluded.scope, updated_at = now();
insert into module_responsibilities (id, group_id, module, owner_person_id, accountable_person_id, scope) values ('88ea37e3-52fd-5aeb-a4b9-3ae5ea7b709b'::uuid, '7cc2801d-485e-520a-8717-5bae10263886'::uuid, '组织协同', 'e7f8ff61-1b64-5dc0-9a64-bd2395eedc9f'::uuid, 'e178d8c6-8c41-5a3f-85b5-3c7ee8c578c5'::uuid, '一级对接人、绩效、编制、交接记录') on conflict (id) do update set owner_person_id = excluded.owner_person_id, accountable_person_id = excluded.accountable_person_id, scope = excluded.scope, updated_at = now();

insert into reporting_lines (id, group_id, from_person_id, to_person_id, relation) values ('ebdace02-4869-5904-98c1-bfba3d8c472b'::uuid, '7cc2801d-485e-520a-8717-5bae10263886'::uuid, 'e178d8c6-8c41-5a3f-85b5-3c7ee8c578c5'::uuid, 'b1bb7f56-eed0-533a-96df-86cadfe428f0'::uuid, '经营承接汇报') on conflict (id) do update set from_person_id = excluded.from_person_id, to_person_id = excluded.to_person_id, relation = excluded.relation, updated_at = now();
insert into reporting_lines (id, group_id, from_person_id, to_person_id, relation) values ('d1750d5d-1d15-5aff-a552-11a741f875bb'::uuid, '7cc2801d-485e-520a-8717-5bae10263886'::uuid, 'd5a6f2ae-c7e7-5640-8c61-6c0005a69125'::uuid, 'e178d8c6-8c41-5a3f-85b5-3c7ee8c578c5'::uuid, '财税合规汇报') on conflict (id) do update set from_person_id = excluded.from_person_id, to_person_id = excluded.to_person_id, relation = excluded.relation, updated_at = now();
insert into reporting_lines (id, group_id, from_person_id, to_person_id, relation) values ('e12de437-338c-5171-a859-e74331af4070'::uuid, '7cc2801d-485e-520a-8717-5bae10263886'::uuid, 'b20e0900-c574-5b2c-8919-aecacbdc8a84'::uuid, 'e178d8c6-8c41-5a3f-85b5-3c7ee8c578c5'::uuid, 'BD拓展汇报') on conflict (id) do update set from_person_id = excluded.from_person_id, to_person_id = excluded.to_person_id, relation = excluded.relation, updated_at = now();
insert into reporting_lines (id, group_id, from_person_id, to_person_id, relation) values ('2e3aeba7-0608-5523-ab88-d115309cfbd1'::uuid, '7cc2801d-485e-520a-8717-5bae10263886'::uuid, '35521f20-fa91-50d1-9444-ad27e369ad01'::uuid, 'e178d8c6-8c41-5a3f-85b5-3c7ee8c578c5'::uuid, '品牌经营汇报') on conflict (id) do update set from_person_id = excluded.from_person_id, to_person_id = excluded.to_person_id, relation = excluded.relation, updated_at = now();

insert into handover_events (id, group_id, contact_id, before_contact, after_contact, before_status, after_status, reason, actor_user_id, created_at) values ('a8aa2d79-dc9e-577a-b053-50917901bb29'::uuid, '7cc2801d-485e-520a-8717-5bae10263886'::uuid, '457b2985-b3a2-5501-82d5-021b735f979a'::uuid, '负责人待确认', '李冬', null, null, 'BD拓展责任链确认', '8fb7fafc-c934-521f-a798-122797e29bee'::uuid, '2026-05-28T10:00:00+08:00'::timestamptz) on conflict (id) do update set reason = excluded.reason;

insert into brand_progress (id, group_id, brand_name, company, owner_user_id, period, completion, status) values ('b0eea6c1-afb6-5a73-ba90-21daa727912a'::uuid, '7cc2801d-485e-520a-8717-5bae10263886'::uuid, '赵宜主', '横琴/安吉/珠海涌动花鱼', '8fb7fafc-c934-521f-a798-122797e29bee'::uuid, '2026-05', 78.6, 'watch') on conflict (group_id, brand_name, period) do update set company = excluded.company, owner_user_id = excluded.owner_user_id, completion = excluded.completion, status = excluded.status, updated_at = now();
insert into brand_progress (id, group_id, brand_name, company, owner_user_id, period, completion, status) values ('5899df35-771e-50d9-bf24-c04b27bbdd6e'::uuid, '7cc2801d-485e-520a-8717-5bae10263886'::uuid, '最家西子', '珠海无虑传媒', null, '2026-05', 91.2, 'healthy') on conflict (group_id, brand_name, period) do update set company = excluded.company, owner_user_id = excluded.owner_user_id, completion = excluded.completion, status = excluded.status, updated_at = now();
insert into brand_progress (id, group_id, brand_name, company, owner_user_id, period, completion, status) values ('628ec9e3-4985-53d5-9315-9be4465d8b2c'::uuid, '7cc2801d-485e-520a-8717-5bae10263886'::uuid, '花木轻妍', '珠海谷春雨', null, '2026-05', 63.4, 'risk') on conflict (group_id, brand_name, period) do update set company = excluded.company, owner_user_id = excluded.owner_user_id, completion = excluded.completion, status = excluded.status, updated_at = now();
insert into brand_progress (id, group_id, brand_name, company, owner_user_id, period, completion, status) values ('39e1b691-2e7b-56df-b8f6-d42a7a1543a7'::uuid, '7cc2801d-485e-520a-8717-5bae10263886'::uuid, '控驻', '杭州涌动花鱼', null, '2026-05', 48.7, 'critical') on conflict (group_id, brand_name, period) do update set company = excluded.company, owner_user_id = excluded.owner_user_id, completion = excluded.completion, status = excluded.status, updated_at = now();
insert into brand_progress (id, group_id, brand_name, company, owner_user_id, period, completion, status) values ('d36e7e38-66a0-56d0-8173-7ac043dee558'::uuid, '7cc2801d-485e-520a-8717-5bae10263886'::uuid, '元气甸甸', '珠海元气甸甸', null, '2026-05', 82.9, 'watch') on conflict (group_id, brand_name, period) do update set company = excluded.company, owner_user_id = excluded.owner_user_id, completion = excluded.completion, status = excluded.status, updated_at = now();

insert into operating_tasks (id, group_id, module, title, owner_user_id, owner_name, due_date, priority, status, source) values ('40f68116-428d-58b2-b694-6506886ae5fc'::uuid, '7cc2801d-485e-520a-8717-5bae10263886'::uuid, '品牌经营', '618大促预算复盘与资源调整', null, '品牌经营-最家西子', '2026-05-21'::date, '高', '待办', '{"seedId":"TASK-001"}'::jsonb) on conflict (id) do update set status = excluded.status, owner_name = excluded.owner_name, due_date = excluded.due_date, updated_at = now();
insert into operating_tasks (id, group_id, module, title, owner_user_id, owner_name, due_date, priority, status, source) values ('9c0f72fb-e425-5345-a09e-e04944704003'::uuid, '7cc2801d-485e-520a-8717-5bae10263886'::uuid, '品牌经营', '花木轻妍新品上市营销方案确认', null, '品牌经营-花木轻妍', '2026-05-21'::date, '高', '待办', '{"seedId":"TASK-002"}'::jsonb) on conflict (id) do update set status = excluded.status, owner_name = excluded.owner_name, due_date = excluded.due_date, updated_at = now();
insert into operating_tasks (id, group_id, module, title, owner_user_id, owner_name, due_date, priority, status, source) values ('1112ede6-a9cd-5df1-ada8-40edbd3bba3a'::uuid, '7cc2801d-485e-520a-8717-5bae10263886'::uuid, '品牌经营', '控驻库存周转优化方案制定', null, '品牌经营-控驻', '2026-05-22'::date, '中', '待办', '{"seedId":"TASK-003"}'::jsonb) on conflict (id) do update set status = excluded.status, owner_name = excluded.owner_name, due_date = excluded.due_date, updated_at = now();
insert into operating_tasks (id, group_id, module, title, owner_user_id, owner_name, due_date, priority, status, source) values ('744ddefa-ca21-57c1-9590-f1ffb68a2f3a'::uuid, '7cc2801d-485e-520a-8717-5bae10263886'::uuid, '品牌经营', '元气甸甸达人合作效果复盘', null, '品牌经营-元气甸甸', '2026-05-22'::date, '中', '进行中', '{"seedId":"TASK-004"}'::jsonb) on conflict (id) do update set status = excluded.status, owner_name = excluded.owner_name, due_date = excluded.due_date, updated_at = now();
insert into operating_tasks (id, group_id, module, title, owner_user_id, owner_name, due_date, priority, status, source) values ('cae3698b-8d39-521e-8123-5903240f9d1e'::uuid, '7cc2801d-485e-520a-8717-5bae10263886'::uuid, '财税合规', '税务风险自查与报告提交', null, '财税合规', '2026-05-23'::date, '高', '进行中', '{"seedId":"TASK-005"}'::jsonb) on conflict (id) do update set status = excluded.status, owner_name = excluded.owner_name, due_date = excluded.due_date, updated_at = now();
insert into operating_tasks (id, group_id, module, title, owner_user_id, owner_name, due_date, priority, status, source) values ('010cb01f-062d-569c-ab3d-224490cc285a'::uuid, '7cc2801d-485e-520a-8717-5bae10263886'::uuid, '组织协同', '一级对接人名单最终确认', null, '组织协同', '2026-05-24'::date, '高', '待办', '{"seedId":"TASK-006"}'::jsonb) on conflict (id) do update set status = excluded.status, owner_name = excluded.owner_name, due_date = excluded.due_date, updated_at = now();
insert into operating_tasks (id, group_id, module, title, owner_user_id, owner_name, due_date, priority, status, source) values ('ffc6d525-0005-53bb-aa4f-2da4b2da2779'::uuid, '7cc2801d-485e-520a-8717-5bae10263886'::uuid, '供应链', '供应链成本复盘表提交', null, '供应链', '2026-05-24'::date, '中', '已完成', '{"seedId":"TASK-007"}'::jsonb) on conflict (id) do update set status = excluded.status, owner_name = excluded.owner_name, due_date = excluded.due_date, updated_at = now();

insert into risk_items (id, group_id, type, level, description, owner_user_id, owner_name, status, evidence) values ('3b11309f-ca9a-57bf-98d5-ecb2a1a95ff3'::uuid, '7cc2801d-485e-520a-8717-5bae10263886'::uuid, 'local', 'watch', '花木轻妍新品节奏延迟，需协调供应链与产品团队', '8fb7fafc-c934-521f-a798-122797e29bee'::uuid, '李锦宁', 'open', '["RISK-001"]'::jsonb) on conflict (id) do update set level = excluded.level, description = excluded.description, owner_name = excluded.owner_name, status = excluded.status, updated_at = now();
insert into risk_items (id, group_id, type, level, description, owner_user_id, owner_name, status, evidence) values ('1729a73c-5c2e-5bcc-a0a7-c071de6b108f'::uuid, '7cc2801d-485e-520a-8717-5bae10263886'::uuid, 'local', 'risk', '控驻库存周转天数上升，需优化促销策略', null, '杭州涌动花鱼负责人', 'open', '["RISK-002"]'::jsonb) on conflict (id) do update set level = excluded.level, description = excluded.description, owner_name = excluded.owner_name, status = excluded.status, updated_at = now();
insert into risk_items (id, group_id, type, level, description, owner_user_id, owner_name, status, evidence) values ('8664865b-d89a-545d-b731-a25156f3d25d'::uuid, '7cc2801d-485e-520a-8717-5bae10263886'::uuid, 'local', 'watch', '部分品牌费用超预算，建议调整投放节奏', 'ce85da74-3e32-5885-aced-0a9920d4d36d'::uuid, '财务负责人', 'open', '["RISK-003"]'::jsonb) on conflict (id) do update set level = excluded.level, description = excluded.description, owner_name = excluded.owner_name, status = excluded.status, updated_at = now();
insert into risk_items (id, group_id, type, level, description, owner_user_id, owner_name, status, evidence) values ('5b4dae99-9bed-5669-bcbd-573771dac6f6'::uuid, '7cc2801d-485e-520a-8717-5bae10263886'::uuid, 'local', 'watch', '人力编制与目标责任未完全绑定，需优化绩效机制', null, '人事行政负责人', 'open', '["RISK-004"]'::jsonb) on conflict (id) do update set level = excluded.level, description = excluded.description, owner_name = excluded.owner_name, status = excluded.status, updated_at = now();
insert into risk_items (id, group_id, type, level, description, owner_user_id, owner_name, status, evidence) values ('26eddb59-044f-54da-bef9-0570087576a4'::uuid, '7cc2801d-485e-520a-8717-5bae10263886'::uuid, 'decision', 'critical', '是否追加618大促预算（需测算ROI后上报）', 'af99ab5d-2a82-52f7-8f0a-a30792ec6ff4'::uuid, '华哥', 'open', '["RISK-005"]'::jsonb) on conflict (id) do update set level = excluded.level, description = excluded.description, owner_name = excluded.owner_name, status = excluded.status, updated_at = now();
insert into risk_items (id, group_id, type, level, description, owner_user_id, owner_name, status, evidence) values ('86275342-a3b2-5664-8553-a5471b21f0d4'::uuid, '7cc2801d-485e-520a-8717-5bae10263886'::uuid, 'decision', 'critical', '是否调整低毛利品牌资源优先级', 'af99ab5d-2a82-52f7-8f0a-a30792ec6ff4'::uuid, '华哥', 'open', '["RISK-006"]'::jsonb) on conflict (id) do update set level = excluded.level, description = excluded.description, owner_name = excluded.owner_name, status = excluded.status, updated_at = now();

insert into decision_packages (id, group_id, title, state, owner_user_id, summary, source_risk_id, owner_person_id, escalation_reason, impact_scope, decision_maker_person_id, evidence_refs, audit_event_id) values ('153e49bc-e443-5c1c-af1f-ad8983fc10a3'::uuid, '7cc2801d-485e-520a-8717-5bae10263886'::uuid, '杭州控驻与逆戟鲸重点风险决策包', 'pending_decision', '8fb7fafc-c934-521f-a798-122797e29bee'::uuid, '两家子公司预计完成率低于65%，需确认资源优先级、库存处理和达人BD补位策略。', '1729a73c-5c2e-5bcc-a0a7-c071de6b108f'::uuid, 'e178d8c6-8c41-5a3f-85b5-3c7ee8c578c5'::uuid, '两家子公司预计完成率低于65%，需要华哥判断资源优先级。', '杭州控驻、逆戟鲸、618预算、库存与达人BD资源', 'b1bb7f56-eed0-533a-96df-86cadfe428f0'::uuid, '["RISK-002","hangzhoukongzhu","nijijing","BATCH-20260526-001"]'::jsonb, '224488f2-48f5-5208-86b4-ec2b8af7c6ee'::uuid) on conflict (id) do update set state = excluded.state, summary = excluded.summary, evidence_refs = excluded.evidence_refs, updated_at = now();

insert into supply_costs (id, group_id, brand, spec, product_cost, logistics_cost, total_cost, status) values ('ced357c3-7320-5de1-8c7e-6014740886a7'::uuid, '7cc2801d-485e-520a-8717-5bae10263886'::uuid, '赵宜主', '男女包/盒', 10, 7, 17, 'healthy') on conflict (id) do update set product_cost = excluded.product_cost, logistics_cost = excluded.logistics_cost, total_cost = excluded.total_cost, status = excluded.status, updated_at = now();
insert into supply_costs (id, group_id, brand, spec, product_cost, logistics_cost, total_cost, status) values ('051d6d0d-5cd1-55aa-b53e-45e04b8534d8'::uuid, '7cc2801d-485e-520a-8717-5bae10263886'::uuid, '花木轻妍', '超模碗/盒', 4.1, 5.5, 9.6, 'watch') on conflict (id) do update set product_cost = excluded.product_cost, logistics_cost = excluded.logistics_cost, total_cost = excluded.total_cost, status = excluded.status, updated_at = now();
insert into supply_costs (id, group_id, brand, spec, product_cost, logistics_cost, total_cost, status) values ('68d5546b-5868-52bf-81ca-a7d7fe5181be'::uuid, '7cc2801d-485e-520a-8717-5bae10263886'::uuid, '控驻', '洗护/套', 17, 4, 21, 'risk') on conflict (id) do update set product_cost = excluded.product_cost, logistics_cost = excluded.logistics_cost, total_cost = excluded.total_cost, status = excluded.status, updated_at = now();
insert into supply_costs (id, group_id, brand, spec, product_cost, logistics_cost, total_cost, status) values ('a9d14a0c-a365-57d0-8241-8ff8d1af4289'::uuid, '7cc2801d-485e-520a-8717-5bae10263886'::uuid, '元气甸甸4瓶装', '饮品/瓶', 3.2, 4.4, 7.6, 'healthy') on conflict (id) do update set product_cost = excluded.product_cost, logistics_cost = excluded.logistics_cost, total_cost = excluded.total_cost, status = excluded.status, updated_at = now();
insert into supply_costs (id, group_id, brand, spec, product_cost, logistics_cost, total_cost, status) values ('49d73a5a-5aee-5b49-af94-edbe5c77c0fb'::uuid, '7cc2801d-485e-520a-8717-5bae10263886'::uuid, '元气甸甸8瓶装', '饮品/瓶', 3.2, 8.8, 11.9, 'watch') on conflict (id) do update set product_cost = excluded.product_cost, logistics_cost = excluded.logistics_cost, total_cost = excluded.total_cost, status = excluded.status, updated_at = now();

insert into tax_cards (id, group_id, title, status, description) values ('145d0a75-ecc2-56a8-b33b-7caad38ab5ee'::uuid, '7cc2801d-485e-520a-8717-5bae10263886'::uuid, '供应链公司', 'normal', '供应链侧按13%销项与进项抵扣核算，需按资金流、合同流、发票流统一复盘。') on conflict (id) do update set status = excluded.status, description = excluded.description, updated_at = now();
insert into tax_cards (id, group_id, title, status, description) values ('085f5654-04ed-5a98-bbc2-624bbfe8cf8b'::uuid, '7cc2801d-485e-520a-8717-5bae10263886'::uuid, '运营公司', 'normal', '运营侧采用差额服务费开票，按6%缴纳增值税，重点监控佣金、广告、服务费。') on conflict (id) do update set status = excluded.status, description = excluded.description, updated_at = now();
insert into tax_cards (id, group_id, title, status, description) values ('621f5040-7a18-5226-a552-cb2d541e63ce'::uuid, '7cc2801d-485e-520a-8717-5bae10263886'::uuid, '优化目标', 'active', '建立集团统一财务中心，标准化发票流转，实现100%合规与税负最优化。') on conflict (id) do update set status = excluded.status, description = excluded.description, updated_at = now();

insert into commercial_modules (id, group_id, name, layer, owner_name, status, coverage) values ('strategy', '7cc2801d-485e-520a-8717-5bae10263886'::uuid, '集团战略与目标', '经营层', '华哥/李锦宁', 'active', '年度目标、月目标、目标金字塔、分支目标') on conflict (id) do update set name = excluded.name, layer = excluded.layer, owner_name = excluded.owner_name, status = excluded.status, coverage = excluded.coverage, updated_at = now();
insert into commercial_modules (id, group_id, name, layer, owner_name, status, coverage) values ('subsidiary', '7cc2801d-485e-520a-8717-5bae10263886'::uuid, '子公司监管', '经营层', '李锦宁', 'active', '导入、校验、发布、来源追踪、工作流、审计') on conflict (id) do update set name = excluded.name, layer = excluded.layer, owner_name = excluded.owner_name, status = excluded.status, coverage = excluded.coverage, updated_at = now();
insert into commercial_modules (id, group_id, name, layer, owner_name, status, coverage) values ('people', '7cc2801d-485e-520a-8717-5bae10263886'::uuid, '组织人物', '组织层', '李锦宁', 'active', '人员、角色、一级对接人、责任链、交接事件') on conflict (id) do update set name = excluded.name, layer = excluded.layer, owner_name = excluded.owner_name, status = excluded.status, coverage = excluded.coverage, updated_at = now();
insert into commercial_modules (id, group_id, name, layer, owner_name, status, coverage) values ('risk-decision', '7cc2801d-485e-520a-8717-5bae10263886'::uuid, '风险与决策', '决策层', '李锦宁/华哥', 'active', '风险预警、华哥决策包、证据引用、幂等升级') on conflict (id) do update set name = excluded.name, layer = excluded.layer, owner_name = excluded.owner_name, status = excluded.status, coverage = excluded.coverage, updated_at = now();
insert into commercial_modules (id, group_id, name, layer, owner_name, status, coverage) values ('master-data', '7cc2801d-485e-520a-8717-5bae10263886'::uuid, '主数据中心', '基础层', '李锦宁', 'watch', '公司、品牌、商品、渠道、供应商、仓库') on conflict (id) do update set name = excluded.name, layer = excluded.layer, owner_name = excluded.owner_name, status = excluded.status, coverage = excluded.coverage, updated_at = now();
insert into commercial_modules (id, group_id, name, layer, owner_name, status, coverage) values ('brand-ops', '7cc2801d-485e-520a-8717-5bae10263886'::uuid, '品牌经营', '业务层', '李锦宁', 'watch', '品牌进度、渠道目标、弱品牌预警') on conflict (id) do update set name = excluded.name, layer = excluded.layer, owner_name = excluded.owner_name, status = excluded.status, coverage = excluded.coverage, updated_at = now();
insert into commercial_modules (id, group_id, name, layer, owner_name, status, coverage) values ('finance-tax', '7cc2801d-485e-520a-8717-5bae10263886'::uuid, '财税合规', '支撑层', '财务负责人', 'watch', '合同流、资金流、发票流、税负优化') on conflict (id) do update set name = excluded.name, layer = excluded.layer, owner_name = excluded.owner_name, status = excluded.status, coverage = excluded.coverage, updated_at = now();
insert into commercial_modules (id, group_id, name, layer, owner_name, status, coverage) values ('supply-chain', '7cc2801d-485e-520a-8717-5bae10263886'::uuid, '供应链与成本', '支撑层', '供应链中心', 'watch', '产品成本、物流成本、损耗、补资料任务') on conflict (id) do update set name = excluded.name, layer = excluded.layer, owner_name = excluded.owner_name, status = excluded.status, coverage = excluded.coverage, updated_at = now();
insert into commercial_modules (id, group_id, name, layer, owner_name, status, coverage) values ('approval-workflow', '7cc2801d-485e-520a-8717-5bae10263886'::uuid, '审批与工单', '流程层', '李锦宁', 'active', '预算、采购、组织、系统建设工单与审计') on conflict (id) do update set name = excluded.name, layer = excluded.layer, owner_name = excluded.owner_name, status = excluded.status, coverage = excluded.coverage, updated_at = now();
insert into commercial_modules (id, group_id, name, layer, owner_name, status, coverage) values ('integration-center', '7cc2801d-485e-520a-8717-5bae10263886'::uuid, '集成中心', '数据层', '技术/MCN负责人', 'manual_export', '抖店、淘宝、京东、拼多多、聚水潭、飞书/WPS') on conflict (id) do update set name = excluded.name, layer = excluded.layer, owner_name = excluded.owner_name, status = excluded.status, coverage = excluded.coverage, updated_at = now();
insert into commercial_modules (id, group_id, name, layer, owner_name, status, coverage) values ('reports', '7cc2801d-485e-520a-8717-5bae10263886'::uuid, '经营报告', '交付层', '李锦宁', 'draft', '日报、周报、决策简报、异常清单') on conflict (id) do update set name = excluded.name, layer = excluded.layer, owner_name = excluded.owner_name, status = excluded.status, coverage = excluded.coverage, updated_at = now();
insert into commercial_modules (id, group_id, name, layer, owner_name, status, coverage) values ('settings-security', '7cc2801d-485e-520a-8717-5bae10263886'::uuid, '系统设置与安全', '系统层', '李锦宁', 'active', '角色权限、生命周期、来源归档、操作审计') on conflict (id) do update set name = excluded.name, layer = excluded.layer, owner_name = excluded.owner_name, status = excluded.status, coverage = excluded.coverage, updated_at = now();
insert into commercial_modules (id, group_id, name, layer, owner_name, status, coverage) values ('desktop-pwa', '7cc2801d-485e-520a-8717-5bae10263886'::uuid, '软件端/PWA', '客户端', '技术/MCN负责人', 'scaffold', '浏览器、PWA、Tauri桌面端统一调用 API') on conflict (id) do update set name = excluded.name, layer = excluded.layer, owner_name = excluded.owner_name, status = excluded.status, coverage = excluded.coverage, updated_at = now();

insert into master_data_records (id, group_id, record_type, external_id, name, status, payload) values ('e68cf63e-32ac-58d9-9d94-ff1d8f41c476'::uuid, '7cc2801d-485e-520a-8717-5bae10263886'::uuid, 'legal_entity', 'ENT-001', '珠海涌动花鱼', 'active', '{"id":"ENT-001","name":"珠海涌动花鱼","type":"运营公司","owner":"李锦宁","status":"active","scope":"集团经营承接与品牌运营"}'::jsonb) on conflict (group_id, record_type, external_id) do update set name = excluded.name, status = excluded.status, payload = excluded.payload, updated_at = now();
insert into master_data_records (id, group_id, record_type, external_id, name, status, payload) values ('8c02e5b8-ee26-5be2-85ee-fdf687bec8b8'::uuid, '7cc2801d-485e-520a-8717-5bae10263886'::uuid, 'legal_entity', 'ENT-002', '珠海无虑传媒', 'active', '{"id":"ENT-002","name":"珠海无虑传媒","type":"运营公司","owner":"珠海无虑传媒负责人","status":"active","scope":"抖音自营与内容运营"}'::jsonb) on conflict (group_id, record_type, external_id) do update set name = excluded.name, status = excluded.status, payload = excluded.payload, updated_at = now();
insert into master_data_records (id, group_id, record_type, external_id, name, status, payload) values ('04dfd560-8c99-5aa2-8286-c25016c61dce'::uuid, '7cc2801d-485e-520a-8717-5bae10263886'::uuid, 'legal_entity', 'ENT-003', '杭州涌动花鱼', 'watch', '{"id":"ENT-003","name":"杭州涌动花鱼","type":"品牌公司","owner":"杭州涌动花鱼负责人","status":"watch","scope":"控驻品牌与库存周转"}'::jsonb) on conflict (group_id, record_type, external_id) do update set name = excluded.name, status = excluded.status, payload = excluded.payload, updated_at = now();
insert into master_data_records (id, group_id, record_type, external_id, name, status, payload) values ('eacca105-e7fc-50d2-bba3-61fa477ba498'::uuid, '7cc2801d-485e-520a-8717-5bae10263886'::uuid, 'legal_entity', 'ENT-004', '珠海空锦界', 'active', '{"id":"ENT-004","name":"珠海空锦界","type":"货架电商","owner":"空锦界运营负责人","status":"active","scope":"赵宜主货架代运营"}'::jsonb) on conflict (group_id, record_type, external_id) do update set name = excluded.name, status = excluded.status, payload = excluded.payload, updated_at = now();
insert into master_data_records (id, group_id, record_type, external_id, name, status, payload) values ('c4f6fdc3-4d81-57f6-a89f-26207c561e41'::uuid, '7cc2801d-485e-520a-8717-5bae10263886'::uuid, 'brand', 'MD-BRAND-001', '赵宜主', 'active', '{"id":"MD-BRAND-001","name":"赵宜主","entity":"珠海涌动花鱼","category":"营养健康","status":"active"}'::jsonb) on conflict (group_id, record_type, external_id) do update set name = excluded.name, status = excluded.status, payload = excluded.payload, updated_at = now();
insert into master_data_records (id, group_id, record_type, external_id, name, status, payload) values ('e1c9e14e-b05a-5205-b3f4-dffa45ae66dd'::uuid, '7cc2801d-485e-520a-8717-5bae10263886'::uuid, 'brand', 'MD-BRAND-002', '花木轻妍', 'watch', '{"id":"MD-BRAND-002","name":"花木轻妍","entity":"珠海谷春雨","category":"代餐/体重管理","status":"watch"}'::jsonb) on conflict (group_id, record_type, external_id) do update set name = excluded.name, status = excluded.status, payload = excluded.payload, updated_at = now();
insert into master_data_records (id, group_id, record_type, external_id, name, status, payload) values ('80546dac-9f2d-51e0-b63f-bd1845ba0a0c'::uuid, '7cc2801d-485e-520a-8717-5bae10263886'::uuid, 'brand', 'MD-BRAND-003', '控驻', 'risk', '{"id":"MD-BRAND-003","name":"控驻","entity":"杭州涌动花鱼","category":"洗护","status":"risk"}'::jsonb) on conflict (group_id, record_type, external_id) do update set name = excluded.name, status = excluded.status, payload = excluded.payload, updated_at = now();
insert into master_data_records (id, group_id, record_type, external_id, name, status, payload) values ('ec75f755-431a-5022-8b2b-2de535464ee2'::uuid, '7cc2801d-485e-520a-8717-5bae10263886'::uuid, 'brand', 'MD-BRAND-004', '元气甸甸', 'active', '{"id":"MD-BRAND-004","name":"元气甸甸","entity":"珠海元气甸甸","category":"饮品","status":"active"}'::jsonb) on conflict (group_id, record_type, external_id) do update set name = excluded.name, status = excluded.status, payload = excluded.payload, updated_at = now();
insert into master_data_records (id, group_id, record_type, external_id, name, status, payload) values ('6042b354-626c-5aab-8864-650df469f600'::uuid, '7cc2801d-485e-520a-8717-5bae10263886'::uuid, 'channel', 'CH-DY', '抖音', 'manual_export', '{"id":"CH-DY","name":"抖音","type":"内容电商","status":"manual_export","owner":"李锦宁"}'::jsonb) on conflict (group_id, record_type, external_id) do update set name = excluded.name, status = excluded.status, payload = excluded.payload, updated_at = now();
insert into master_data_records (id, group_id, record_type, external_id, name, status, payload) values ('104cf50c-d76c-581a-a234-f334dba112bf'::uuid, '7cc2801d-485e-520a-8717-5bae10263886'::uuid, 'channel', 'CH-TB', '淘宝/天猫', 'manual_export', '{"id":"CH-TB","name":"淘宝/天猫","type":"货架电商","status":"manual_export","owner":"空锦界运营负责人"}'::jsonb) on conflict (group_id, record_type, external_id) do update set name = excluded.name, status = excluded.status, payload = excluded.payload, updated_at = now();
insert into master_data_records (id, group_id, record_type, external_id, name, status, payload) values ('a20ebc5f-6996-5836-9a98-7393ed91764c'::uuid, '7cc2801d-485e-520a-8717-5bae10263886'::uuid, 'channel', 'CH-JD', '京东', 'planned', '{"id":"CH-JD","name":"京东","type":"货架电商","status":"planned","owner":"财务负责人"}'::jsonb) on conflict (group_id, record_type, external_id) do update set name = excluded.name, status = excluded.status, payload = excluded.payload, updated_at = now();
insert into master_data_records (id, group_id, record_type, external_id, name, status, payload) values ('330f003d-ded7-557f-9eeb-6bcd84cd30eb'::uuid, '7cc2801d-485e-520a-8717-5bae10263886'::uuid, 'channel', 'CH-PDD', '拼多多', 'planned', '{"id":"CH-PDD","name":"拼多多","type":"货架电商","status":"planned","owner":"空锦界运营负责人"}'::jsonb) on conflict (group_id, record_type, external_id) do update set name = excluded.name, status = excluded.status, payload = excluded.payload, updated_at = now();
insert into master_data_records (id, group_id, record_type, external_id, name, status, payload) values ('b21fda11-299c-5a54-801c-ad9aa81a223c'::uuid, '7cc2801d-485e-520a-8717-5bae10263886'::uuid, 'product', 'SKU-001', '赵宜主男女包', '', '{"id":"SKU-001","name":"赵宜主男女包","brand":"赵宜主","costStatus":"healthy","dataState":"published"}'::jsonb) on conflict (group_id, record_type, external_id) do update set name = excluded.name, status = excluded.status, payload = excluded.payload, updated_at = now();
insert into master_data_records (id, group_id, record_type, external_id, name, status, payload) values ('a461d078-be9c-5bff-ac74-a82e0f15673b'::uuid, '7cc2801d-485e-520a-8717-5bae10263886'::uuid, 'product', 'SKU-002', '花木轻妍超模碗', '', '{"id":"SKU-002","name":"花木轻妍超模碗","brand":"花木轻妍","costStatus":"watch","dataState":"validated"}'::jsonb) on conflict (group_id, record_type, external_id) do update set name = excluded.name, status = excluded.status, payload = excluded.payload, updated_at = now();
insert into master_data_records (id, group_id, record_type, external_id, name, status, payload) values ('e03ca0de-d61f-5db9-ab53-b423eb819876'::uuid, '7cc2801d-485e-520a-8717-5bae10263886'::uuid, 'product', 'SKU-003', '控驻洗护套装', '', '{"id":"SKU-003","name":"控驻洗护套装","brand":"控驻","costStatus":"risk","dataState":"validated"}'::jsonb) on conflict (group_id, record_type, external_id) do update set name = excluded.name, status = excluded.status, payload = excluded.payload, updated_at = now();
insert into master_data_records (id, group_id, record_type, external_id, name, status, payload) values ('5f81f60a-1b67-5957-b6c0-0fa0f9fb0210'::uuid, '7cc2801d-485e-520a-8717-5bae10263886'::uuid, 'product', 'SKU-004', '元气甸甸4瓶装', '', '{"id":"SKU-004","name":"元气甸甸4瓶装","brand":"元气甸甸","costStatus":"healthy","dataState":"published"}'::jsonb) on conflict (group_id, record_type, external_id) do update set name = excluded.name, status = excluded.status, payload = excluded.payload, updated_at = now();
insert into master_data_records (id, group_id, record_type, external_id, name, status, payload) values ('c56b4301-cd5d-5fae-8e18-b85a2786418c'::uuid, '7cc2801d-485e-520a-8717-5bae10263886'::uuid, 'supplier', 'SUP-001', '营养品供应链中心', 'active', '{"id":"SUP-001","name":"营养品供应链中心","category":"营养品","status":"active","owner":"供应链中心"}'::jsonb) on conflict (group_id, record_type, external_id) do update set name = excluded.name, status = excluded.status, payload = excluded.payload, updated_at = now();
insert into master_data_records (id, group_id, record_type, external_id, name, status, payload) values ('a94c32e8-6a14-5620-b066-5fd8cceae787'::uuid, '7cc2801d-485e-520a-8717-5bae10263886'::uuid, 'supplier', 'SUP-002', '饮品灌装供应商', 'watch', '{"id":"SUP-002","name":"饮品灌装供应商","category":"饮品","status":"watch","owner":"供应链中心"}'::jsonb) on conflict (group_id, record_type, external_id) do update set name = excluded.name, status = excluded.status, payload = excluded.payload, updated_at = now();
insert into master_data_records (id, group_id, record_type, external_id, name, status, payload) values ('5171ba04-af9b-5ccb-97f3-ff696e753e35'::uuid, '7cc2801d-485e-520a-8717-5bae10263886'::uuid, 'warehouse', 'WH-001', '珠海仓', 'active', '{"id":"WH-001","name":"珠海仓","type":"自营仓","status":"active","owner":"供应链中心"}'::jsonb) on conflict (group_id, record_type, external_id) do update set name = excluded.name, status = excluded.status, payload = excluded.payload, updated_at = now();
insert into master_data_records (id, group_id, record_type, external_id, name, status, payload) values ('6e2f29de-9c1d-52c5-aede-23406491cdd1'::uuid, '7cc2801d-485e-520a-8717-5bae10263886'::uuid, 'warehouse', 'WH-002', '杭州仓', 'watch', '{"id":"WH-002","name":"杭州仓","type":"三方仓","status":"watch","owner":"杭州涌动花鱼负责人"}'::jsonb) on conflict (group_id, record_type, external_id) do update set name = excluded.name, status = excluded.status, payload = excluded.payload, updated_at = now();

insert into approval_flows (id, group_id, title, type, state, current_node, owner_name, sla, evidence_refs) values ('659ec59c-bcee-5fd7-9f7d-af6ce4f14322'::uuid, '7cc2801d-485e-520a-8717-5bae10263886'::uuid, '618大促预算追加审批', 'budget', 'pending_decision', '华哥', '李锦宁', '24小时', '["RISK-005","DEC-202605-001"]'::jsonb) on conflict (id) do update set state = excluded.state, current_node = excluded.current_node, evidence_refs = excluded.evidence_refs, updated_at = now();
insert into approval_flows (id, group_id, title, type, state, current_node, owner_name, sla, evidence_refs) values ('47cd06c9-6a7d-52bc-933c-50037ea583e9'::uuid, '7cc2801d-485e-520a-8717-5bae10263886'::uuid, '控驻库存促销策略审批', 'inventory', 'evidence_attached', '李锦宁', '杭州涌动花鱼负责人', '48小时', '["RISK-002","COST-003"]'::jsonb) on conflict (id) do update set state = excluded.state, current_node = excluded.current_node, evidence_refs = excluded.evidence_refs, updated_at = now();
insert into approval_flows (id, group_id, title, type, state, current_node, owner_name, sla, evidence_refs) values ('02e6a520-103d-5ef2-9c11-ea856e358175'::uuid, '7cc2801d-485e-520a-8717-5bae10263886'::uuid, '低毛利品牌资源优先级调整', 'strategy', 'proposed', '李锦宁', '财务负责人', '72小时', '["RISK-006","brand-huamu","brand-kongzhu"]'::jsonb) on conflict (id) do update set state = excluded.state, current_node = excluded.current_node, evidence_refs = excluded.evidence_refs, updated_at = now();

insert into commercial_work_orders (id, group_id, title, module, owner_name, priority, status, due_date, source) values ('85e58341-24f1-59fb-ae69-31ad36ff4b8c'::uuid, '7cc2801d-485e-520a-8717-5bae10263886'::uuid, '接入聚水潭库存接口', '集成中心', '技术/MCN负责人', '高', '待办', '2026-06-03'::date, '供应链库存需要自动回收') on conflict (id) do update set status = excluded.status, owner_name = excluded.owner_name, due_date = excluded.due_date, source = excluded.source, updated_at = now();
insert into commercial_work_orders (id, group_id, title, module, owner_name, priority, status, due_date, source) values ('0bf99585-24f2-55aa-a9b7-9af0a0ee5ee9'::uuid, '7cc2801d-485e-520a-8717-5bae10263886'::uuid, '建立集团经营日报模板', '经营报告', '李锦宁', '高', '进行中', '2026-05-31'::date, '华哥每日经营查看') on conflict (id) do update set status = excluded.status, owner_name = excluded.owner_name, due_date = excluded.due_date, source = excluded.source, updated_at = now();
insert into commercial_work_orders (id, group_id, title, module, owner_name, priority, status, due_date, source) values ('cef97e79-a6c5-597a-91f4-a23de62a0b9d'::uuid, '7cc2801d-485e-520a-8717-5bae10263886'::uuid, '梳理全品牌商品主数据', '主数据中心', '供应链中心', '高', '待办', '2026-06-05'::date, '成本、库存、渠道统一口径') on conflict (id) do update set status = excluded.status, owner_name = excluded.owner_name, due_date = excluded.due_date, source = excluded.source, updated_at = now();
insert into commercial_work_orders (id, group_id, title, module, owner_name, priority, status, due_date, source) values ('9390ad3f-a927-5854-977e-681d34dfaa3a'::uuid, '7cc2801d-485e-520a-8717-5bae10263886'::uuid, 'Tauri桌面端 smoke 打包', '软件端/PWA', '技术/MCN负责人', '中', '待办', '2026-06-08'::date, '软件端交付验证') on conflict (id) do update set status = excluded.status, owner_name = excluded.owner_name, due_date = excluded.due_date, source = excluded.source, updated_at = now();
insert into commercial_work_orders (id, group_id, title, module, owner_name, priority, status, due_date, source) values ('f86b883f-5d7e-52fb-b445-f9d7d47a93d5'::uuid, '7cc2801d-485e-520a-8717-5bae10263886'::uuid, '飞书/WPS资料台账导入模板', '集成中心', '李锦宁', '中', '进行中', '2026-06-02'::date, '资料收集页与导入链路打通') on conflict (id) do update set status = excluded.status, owner_name = excluded.owner_name, due_date = excluded.due_date, source = excluded.source, updated_at = now();
insert into commercial_work_orders (id, group_id, title, module, owner_name, priority, status, due_date, source) values ('d77a9c36-7254-5e51-b5b8-5f3052576d9b'::uuid, '7cc2801d-485e-520a-8717-5bae10263886'::uuid, '权限矩阵替换真实登录/SSO', '系统设置与安全', '技术/MCN负责人', '高', '阻塞', '2026-06-10'::date, '需要确认身份供应商与部署环境') on conflict (id) do update set status = excluded.status, owner_name = excluded.owner_name, due_date = excluded.due_date, source = excluded.source, updated_at = now();

insert into integration_connectors (id, group_id, name, category, status, adapter, owner_name, objects) values ('e2c979b2-964b-5d8d-a8f2-103cc8f422ce'::uuid, '7cc2801d-485e-520a-8717-5bae10263886'::uuid, '抖店/罗盘', '电商平台', 'manual_export', 'Excel/CSV导出导入', '李锦宁', '["成交","广告","达人","商品"]'::jsonb) on conflict (id) do update set status = excluded.status, adapter = excluded.adapter, objects = excluded.objects, updated_at = now();
insert into integration_connectors (id, group_id, name, category, status, adapter, owner_name, objects) values ('c16c5e8b-6027-5822-b676-296ae30152bd'::uuid, '7cc2801d-485e-520a-8717-5bae10263886'::uuid, '淘宝/生意参谋', '电商平台', 'manual_export', '官方导出', '空锦界运营负责人', '["访客","成交","推广","商品"]'::jsonb) on conflict (id) do update set status = excluded.status, adapter = excluded.adapter, objects = excluded.objects, updated_at = now();
insert into integration_connectors (id, group_id, name, category, status, adapter, owner_name, objects) values ('0d76e08d-dd66-5716-a0f1-2f4ed4260e9b'::uuid, '7cc2801d-485e-520a-8717-5bae10263886'::uuid, '京东商智', '电商平台', 'planned', '官方API/导出待确认', '财务负责人', '["成交","库存","投放"]'::jsonb) on conflict (id) do update set status = excluded.status, adapter = excluded.adapter, objects = excluded.objects, updated_at = now();
insert into integration_connectors (id, group_id, name, category, status, adapter, owner_name, objects) values ('ca684ac5-de31-508c-91dd-652f70508eda'::uuid, '7cc2801d-485e-520a-8717-5bae10263886'::uuid, '拼多多商家后台', '电商平台', 'planned', '官方API/导出待确认', '空锦界运营负责人', '["订单","商品","推广"]'::jsonb) on conflict (id) do update set status = excluded.status, adapter = excluded.adapter, objects = excluded.objects, updated_at = now();
insert into integration_connectors (id, group_id, name, category, status, adapter, owner_name, objects) values ('b778b64b-70df-5730-afa7-ddd51a419d66'::uuid, '7cc2801d-485e-520a-8717-5bae10263886'::uuid, '聚水潭ERP', 'ERP', 'planned', 'API adapter 待开发', '供应链中心', '["库存","订单","发货","退货"]'::jsonb) on conflict (id) do update set status = excluded.status, adapter = excluded.adapter, objects = excluded.objects, updated_at = now();
insert into integration_connectors (id, group_id, name, category, status, adapter, owner_name, objects) values ('c3d8a439-4865-5cd1-b514-ea30e7af57ba'::uuid, '7cc2801d-485e-520a-8717-5bae10263886'::uuid, '飞书/WPS', '协同文档', 'active', '文件导入与来源归档', '李锦宁', '["任务","资料","经营表","设计需求"]'::jsonb) on conflict (id) do update set status = excluded.status, adapter = excluded.adapter, objects = excluded.objects, updated_at = now();

insert into report_packs (id, group_id, name, frequency, owner_name, status, sections, recipients) values ('901d4aef-bbf9-5e91-bb6e-4ba90937d7d4'::uuid, '7cc2801d-485e-520a-8717-5bae10263886'::uuid, '集团每日经营日报', '每日', '李锦宁', 'draft', '["GMV","利润","现金流","风险","今日动作"]'::jsonb, '["华哥","李锦宁"]'::jsonb) on conflict (id) do update set status = excluded.status, sections = excluded.sections, recipients = excluded.recipients, updated_at = now();
insert into report_packs (id, group_id, name, frequency, owner_name, status, sections, recipients) values ('66449ace-00f8-58e1-ad61-a14e7e572829'::uuid, '7cc2801d-485e-520a-8717-5bae10263886'::uuid, '子公司周度复盘', '每周', '李锦宁', 'active', '["目标完成","HEV","任务","风险","决策"]'::jsonb, '["华哥","子公司负责人"]'::jsonb) on conflict (id) do update set status = excluded.status, sections = excluded.sections, recipients = excluded.recipients, updated_at = now();
insert into report_packs (id, group_id, name, frequency, owner_name, status, sections, recipients) values ('8e7cf14e-e240-5662-94a1-e84b46a1b733'::uuid, '7cc2801d-485e-520a-8717-5bae10263886'::uuid, '财税与成本异常报告', '每周', '财务负责人', 'draft', '["税负","发票","毛利","异常SKU"]'::jsonb, '["华哥","李锦宁","财务负责人"]'::jsonb) on conflict (id) do update set status = excluded.status, sections = excluded.sections, recipients = excluded.recipients, updated_at = now();

insert into client_targets (id, group_id, name, platform, status, entry, capability) values ('bdbf843c-7bbd-5b72-b180-8e28b665b2ee'::uuid, '7cc2801d-485e-520a-8717-5bae10263886'::uuid, 'Web管理台', '浏览器', 'active', 'http://127.0.0.1:5173', '完整经营台与导入验证') on conflict (id) do update set status = excluded.status, entry = excluded.entry, capability = excluded.capability, updated_at = now();
insert into client_targets (id, group_id, name, platform, status, entry, capability) values ('d822296f-55ef-57fb-87e4-0995e5fe19bc'::uuid, '7cc2801d-485e-520a-8717-5bae10263886'::uuid, 'PWA移动入口', '移动浏览器', 'scaffold', 'apps/web/public/manifest.webmanifest', '移动查看与轻量审批') on conflict (id) do update set status = excluded.status, entry = excluded.entry, capability = excluded.capability, updated_at = now();
insert into client_targets (id, group_id, name, platform, status, entry, capability) values ('58442320-3fdc-5d6b-9b08-61c22462ddde'::uuid, '7cc2801d-485e-520a-8717-5bae10263886'::uuid, 'Mac桌面端', 'Tauri', 'scaffold', 'apps/desktop/tauri.conf.json', '桌面软件壳、后续签名和自动更新') on conflict (id) do update set status = excluded.status, entry = excluded.entry, capability = excluded.capability, updated_at = now();

insert into system_policies (id, group_id, name, status, owner_name, policy) values ('bae7fba7-9014-52ac-ac99-f20326ed5d01'::uuid, '7cc2801d-485e-520a-8717-5bae10263886'::uuid, '角色权限矩阵', 'active', '李锦宁', 'PMO、华哥、子公司负责人、财务/运营分权；写入动作需要后端权限校验。') on conflict (id) do update set status = excluded.status, policy = excluded.policy, updated_at = now();
insert into system_policies (id, group_id, name, status, owner_name, policy) values ('911057c5-bafb-5593-abff-9a663653ae5c'::uuid, '7cc2801d-485e-520a-8717-5bae10263886'::uuid, '数据生命周期', 'active', '李锦宁', 'raw -> validated -> published -> corrected -> archived，状态变更写审计。') on conflict (id) do update set status = excluded.status, policy = excluded.policy, updated_at = now();
insert into system_policies (id, group_id, name, status, owner_name, policy) values ('2407884d-a7db-5cf2-8350-f78aa57d05f4'::uuid, '7cc2801d-485e-520a-8717-5bae10263886'::uuid, '来源归档', 'active', '李锦宁', '导入文件保存 source bytes/objectKey/hash，业务数据必须可回溯。') on conflict (id) do update set status = excluded.status, policy = excluded.policy, updated_at = now();
insert into system_policies (id, group_id, name, status, owner_name, policy) values ('b23cb062-c0c7-5c5a-86dd-05595a37b5e6'::uuid, '7cc2801d-485e-520a-8717-5bae10263886'::uuid, 'AI使用边界', 'watch', '技术/MCN负责人', 'AI 只做引用型辅助，不直接覆盖经营事实和审批结论。') on conflict (id) do update set status = excluded.status, policy = excluded.policy, updated_at = now();

insert into audit_logs (id, group_id, actor_user_id, actor_role, action, target_type, target_id, before_state, after_state, reason, request_id, created_at) values ('224488f2-48f5-5208-86b4-ec2b8af7c6ee'::uuid, '7cc2801d-485e-520a-8717-5bae10263886'::uuid, '8fb7fafc-c934-521f-a798-122797e29bee'::uuid, 'PMO/总助', 'publish', 'import_batch', 'BATCH-20260526-001', 'validated', 'published', '子公司月度看板初版发布', 'seed-AUD-1001', '2026-05-26T10:05:00+08:00'::timestamptz) on conflict (id) do update set reason = excluded.reason;
insert into audit_logs (id, group_id, actor_user_id, actor_role, action, target_type, target_id, before_state, after_state, reason, request_id, created_at) values ('81031280-afe2-5a62-b266-177a933d8e0c'::uuid, '7cc2801d-485e-520a-8717-5bae10263886'::uuid, null, 'PMO/总助', 'validate', 'import_batch', 'BATCH-20260528-002', 'raw', 'validated', '日动作补充数据通过结构校验，存在2条待确认问题', 'seed-AUD-1002', '2026-05-28T15:31:00+08:00'::timestamptz) on conflict (id) do update set reason = excluded.reason;
insert into audit_logs (id, group_id, actor_user_id, actor_role, action, target_type, target_id, before_state, after_state, reason, request_id, created_at) values ('9b4c3060-9444-52ae-ae64-f3d09afd0335'::uuid, '7cc2801d-485e-520a-8717-5bae10263886'::uuid, 'ce85da74-3e32-5885-aced-0a9920d4d36d'::uuid, '财务/运营', 'upload', 'import_batch', 'BATCH-20260528-003', '-', 'raw', '补录深圳赫拉月目标', 'seed-AUD-1003', '2026-05-28T15:44:00+08:00'::timestamptz) on conflict (id) do update set reason = excluded.reason;

commit;
